108.92,34.63,陕西,咸阳,三原,1.0,-0.85,7.76,5.61,6.88,4.2,0.63,5.04,19.07,-0.14526135,0.09935719,1.1202223,0.2870812,0.6179446,0.74824476,0.8722832,5.042909622192383
108.92,34.63,陕西,咸阳,三原,2.0,-0.86,7.76,5.63,6.88,3.85,0.67,4.69,17.51,-0.3067876,0.042558238,1.0185958,0.2901111,0.71256673,0.6337991,0.6920208,4.773138046264648
108.92,34.63,陕西,咸阳,三原,3.0,-0.86,7.76,5.66,6.87,4.05,0.88,4.67,17.76,-0.4769355,-0.001193434,0.8995336,0.2059575,0.8034742,0.47186238,0.55887026,4.6297607421875
108.92,34.63,陕西,咸阳,三原,4.0,-0.86,7.76,5.67,6.87,4.05,0.97,4.04,15.4,-0.7234132,0.001095295,0.8387058,0.13880232,0.811906,0.26168573,0.49559495,4.0694146156311035
108.92,34.63,陕西,咸阳,三原,5.0,-0.86,7.76,5.69,6.87,4.06,0.94,4.05,14.85,-0.9161705,0.04685644,0.8459985,0.08036539,0.7692615,0.17553937,0.39623022,3.6128673553466797
108.92,34.63,陕西,咸阳,三原,6.0,-0.86,7.77,5.7,6.86,4.01,0.83,3.76,13.75,-1.0163571,0.019779585,0.8703284,-0.005305606,0.77298903,0.24369568,0.2089144,3.614443778991699
108.92,34.63,陕西,咸阳,三原,7.0,-0.87,7.77,5.71,6.84,4.25,1.02,3.63,13.62,-1.1311246,-0.04513946,0.86736405,-0.088988334,0.8191526,0.22681186,0.07834023,3.6587610244750977
108.92,34.63,陕西,咸阳,三原,8.0,-0.87,7.77,5.71,6.86,4.1,1.03,3.68,14.28,-1.2576891,-0.1133903,0.79349077,-0.1708906,0.8813469,0.2044009,-0.01135394,3.634828805923462
108.92,34.63,陕西,咸阳,三原,9.0,-0.87,7.77,5.68,6.87,4.25,0.8,3.38,12.58,-1.0657849,0.14786576,0.9283761,-0.06357646,0.8262697,0.10639194,0.15450859,3.3757755756378174
108.92,34.63,陕西,咸阳,三原,10.0,-0.87,7.77,5.66,6.88,3.98,0.75,3.88,14.91,-1.2172236,-0.13701004,0.600075,-0.334847,1.0285591,0.24706438,-0.062977016,3.8904500007629395
108.92,34.63,陕西,咸阳,三原,11.0,-0.88,7.77,5.64,6.88,4.26,0.46,4.46,17.02,-0.85330474,-0.20794332,0.95402884,-0.39062503,0.94906473,0.39545938,-0.09677848,4.4455952644348145
108.92,34.63,陕西,咸阳,三原,12.0,-0.88,7.77,5.62,6.89,3.8,0.52,4.54,17.47,-0.40920052,-0.25122234,1.3176745,-0.43862504,0.8375455,0.5624331,-0.04414539,4.7844319343566895
108.23,34.55,陕西,咸阳,乾县,1.0,-0.85,7.76,5.6,6.86,4.14,0.57,5.03,24.82,-0.6769489,0.50086355,1.8054677,-0.9306849,0.7594409,1.074346,-0.5305145,5.4333696365356445
108.23,34.55,陕西,咸阳,乾县,2.0,-0.86,7.76,5.62,6.85,3.85,0.8,4.6,22.91,-0.32316425,0.467723,1.3760483,-0.8999082,0.8098612,0.85698855,-0.31178468,4.602663993835449
108.23,34.55,陕西,咸阳,乾县,3.0,-0.86,7.76,5.65,6.85,4.08,0.76,4.64,22.84,-0.10025982,0.46234664,1.134333,-0.8044123,0.906133,0.70313585,-0.015516341,4.640156269073486
108.23,34.55,陕西,咸阳,乾县,4.0,-0.86,7.76,5.67,6.85,4.05,0.8,4.12,20.13,-0.1516346,0.3860925,1.0592847,-0.73144156,0.78481996,0.56881285,0.17151995,4.104099273681641
108.23,34.55,陕西,咸阳,乾县,5.0,-0.86,7.76,5.68,6.83,4.07,0.79,3.86,18.92,-0.118441075,0.37480143,1.0713211,-0.62414026,0.5972108,0.4755502,0.3472203,3.5350613594055176
108.23,34.55,陕西,咸阳,乾县,6.0,-0.86,7.77,5.7,6.84,4.06,0.73,3.44,17.08,0.044635117,0.34019694,1.2023989,-0.5468267,0.5468545,0.41724735,0.3487044,3.4218873977661133
108.23,34.55,陕西,咸阳,乾县,7.0,-0.87,7.77,5.7,6.84,4.35,0.57,3.34,16.63,0.14718089,0.30517724,1.3132731,-0.4475474,0.49019513,0.39091477,0.3291946,3.373790740966797
108.23,34.55,陕西,咸阳,乾县,8.0,-0.87,7.77,5.71,6.84,4.26,0.56,3.44,17.46,0.119490296,0.2543788,1.3997597,-0.42984504,0.5574361,0.3105721,0.3070022,3.4521992206573486
108.23,34.55,陕西,咸阳,乾县,9.0,-0.87,7.77,5.68,6.85,4.28,0.57,3.2,15.89,0.16760525,0.17993017,1.5113648,-0.4423518,0.6321844,0.22588703,0.25964302,3.5926270484924316
108.23,34.55,陕西,咸阳,乾县,10.0,-0.87,7.77,5.66,6.85,4.02,0.63,3.99,19.73,0.22824726,0.07753065,1.7176318,-0.46532038,0.728837,0.18469118,0.23015055,3.987952709197998
108.23,34.55,陕西,咸阳,乾县,11.0,-0.88,7.77,5.64,6.86,4.22,0.46,4.48,22.1,0.34570286,-0.009747252,1.8870318,-0.5371535,0.81450456,0.17764486,0.04387319,4.3288750648498535
108.23,34.55,陕西,咸阳,乾县,12.0,-0.88,7.77,5.61,6.86,3.88,0.41,4.55,22.72,0.2802859,-0.24875206,1.9853767,-0.683375,0.86765456,0.2339754,-0.25587943,4.664745330810547
108.45,34.28,陕西,咸阳,兴平,1.0,-0.85,7.76,5.61,6.89,4.25,0.6,5.0,24.8,0.35615367,0.68482864,1.3290888,-0.6443355,0.8823344,0.7037579,0.4293211,4.9971137046813965
108.45,34.28,陕西,咸阳,兴平,2.0,-0.86,7.76,5.63,6.88,3.96,0.67,4.63,22.43,0.14701256,0.55707264,1.1052818,-0.6782415,0.98333955,0.5581316,0.30319014,4.635374546051025
108.45,34.28,陕西,咸阳,兴平,3.0,-0.86,7.76,5.66,6.88,4.13,0.82,4.58,22.92,-0.013439432,0.39205486,0.8770634,-0.7788876,1.0700146,0.46781167,0.25633678,4.57853364944458
108.45,34.28,陕西,咸阳,兴平,4.0,-0.86,7.76,5.67,6.87,4.14,0.95,4.06,19.59,-0.14560452,0.25487646,0.7155255,-0.74185145,1.019744,0.30742684,0.28894687,4.056086540222168
108.45,34.28,陕西,咸阳,兴平,5.0,-0.86,7.76,5.68,6.87,4.16,0.9,3.81,18.35,-0.22004816,0.21618867,0.72599125,-0.6791637,1.0418947,0.15797085,0.27080902,3.7946181297302246
108.45,34.28,陕西,咸阳,兴平,6.0,-0.86,7.77,5.7,6.86,4.15,0.83,3.51,16.85,-0.21031268,0.22545834,0.8844017,-0.55602276,0.97352076,0.044904552,0.26195225,3.493479013442993
108.45,34.28,陕西,咸阳,兴平,7.0,-0.87,7.77,5.71,6.86,4.42,0.89,3.37,16.37,-0.18786621,0.2146814,1.005589,-0.53148365,0.8557233,0.06324372,0.2604742,3.3568150997161865
108.45,34.28,陕西,咸阳,兴平,8.0,-0.87,7.77,5.71,6.86,4.33,0.82,3.5,17.25,-0.24309519,0.43288204,0.9222503,-0.6611284,0.97992456,0.083547115,0.2879065,3.4875423908233643
108.45,34.28,陕西,咸阳,兴平,9.0,-0.87,7.77,5.68,6.88,4.39,0.62,3.26,15.58,-0.27533847,0.6404614,0.919021,-0.7262571,0.9400346,0.11018455,0.41338027,3.3088836669921875
108.45,34.28,陕西,咸阳,兴平,10.0,-0.87,7.77,5.66,6.88,4.24,0.63,4.07,19.41,-0.20846602,0.70153403,1.110134,-0.8333938,1.0730497,0.19944079,0.46055597,4.022502899169922
108.45,34.28,陕西,咸阳,兴平,11.0,-0.88,7.77,5.64,6.88,4.39,0.36,4.56,22.13,-0.09617363,0.74411106,1.2271096,-0.96358305,1.2086602,0.28365874,0.46419072,4.566774368286133
109.45,35.28,陕西,咸阳,兴平,12.0,-0.88,7.77,5.62,6.87,4.03,0.42,4.58,22.6,-2.1389563,-0.54090774,1.073861,0.50333667,1.0891782,0.034309983,-0.33795854,4.444459915161133
108.72,34.4,陕西,咸阳,咸阳,1.0,-0.85,7.76,5.6,6.88,4.24,0.89,4.95,20.01,-0.43282118,0.18762006,1.5164299,0.41109183,0.5197751,0.54221237,0.9174216,4.850769996643066
108.72,34.4,陕西,咸阳,咸阳,2.0,-0.86,7.76,5.62,6.88,3.96,0.79,4.54,18.35,-0.32897297,0.14055347,1.3947293,0.39531776,0.56202114,0.49869356,0.7817566,4.535419464111328
108.72,34.4,陕西,咸阳,咸阳,3.0,-0.86,7.76,5.66,6.87,4.11,1.1,4.6,18.45,-0.2928124,0.17762618,1.2825845,0.42560956,0.65571606,0.41108367,0.6341487,4.582924842834473
108.72,34.4,陕西,咸阳,咸阳,4.0,-0.86,7.76,5.67,6.87,4.11,1.12,3.86,16.09,-0.37156263,0.14159836,1.2060324,0.39968035,0.64748704,0.31593698,0.47806865,4.143585205078125
108.72,34.4,陕西,咸阳,咸阳,5.0,-0.86,7.76,5.68,6.86,4.14,1.1,3.75,15.3,-0.42506623,0.13602768,1.1719238,0.33292893,0.67916524,0.19117385,0.42546695,3.833065986633301
108.72,34.4,陕西,咸阳,咸阳,6.0,-0.86,7.77,5.7,6.86,4.08,1.01,3.45,14.03,-0.491821,0.16507302,1.139479,0.273907,0.69762874,0.097567916,0.3541679,3.499929666519165
108.72,34.4,陕西,咸阳,咸阳,7.0,-0.87,7.77,5.71,6.86,4.32,1.14,3.34,13.57,-0.6107296,0.18265317,1.03967,0.23175544,0.7107116,0.0011942834,0.36413375,3.2355546951293945
108.72,34.4,陕西,咸阳,咸阳,8.0,-0.87,7.77,5.71,6.86,4.17,1.05,3.49,14.06,-0.7422354,0.1807461,0.97982323,0.14923766,0.69255686,0.031565376,0.36103725,3.139124631881714
108.72,34.4,陕西,咸阳,咸阳,9.0,-0.87,7.77,5.68,6.87,4.29,0.87,3.11,12.93,-0.7526858,0.16207203,0.9014356,0.040667724,0.7253353,0.05400476,0.41124123,3.175234317779541
108.72,34.4,陕西,咸阳,咸阳,10.0,-0.87,7.77,5.66,6.87,4.1,0.83,3.93,15.77,-0.67869985,0.1347191,0.96219254,0.01660056,0.8464546,0.18638308,0.4182556,3.8779659271240234
108.72,34.4,陕西,咸阳,咸阳,11.0,-0.88,7.77,5.64,6.88,4.3,0.51,4.45,17.9,-0.36390543,0.17974195,1.0604852,0.00020874757,0.84381634,0.39405861,0.53280383,4.409578800201416
108.72,34.4,陕西,咸阳,咸阳,12.0,-0.88,7.77,5.61,6.88,3.9,0.61,4.55,18.17,-0.05714199,0.3206095,1.1724848,-0.007825899,0.73366344,0.5692766,0.7639662,4.582464694976807
108.12,35.02,陕西,咸阳,彬县,1.0,-0.85,7.76,5.6,6.82,4.2,0.64,5.03,14.15,1.2508188,0.015871167,2.4607673,-0.7863574,-0.14561746,1.2754977,0.5207672,5.003231048583984
108.12,35.02,陕西,咸阳,彬县,2.0,-0.86,7.76,5.61,6.82,3.99,0.78,4.6,13.19,1.3607737,0.069741994,2.396832,-0.6491943,-0.0625843,1.042641,0.6412684,4.645834922790527
108.12,35.02,陕西,咸阳,彬县,3.0,-0.86,7.76,5.65,6.81,4.09,0.91,4.64,13.4,1.2731979,0.04722178,2.2581959,-0.66056496,0.006618619,0.89658856,0.6883815,4.538275241851807
108.12,35.02,陕西,咸阳,彬县,4.0,-0.86,7.76,5.66,6.81,4.05,1.12,4.12,11.77,1.0722647,0.03507182,2.049928,-0.6897016,0.04573656,0.74557173,0.6775128,4.182976722717285
108.12,35.02,陕西,咸阳,彬县,5.0,-0.86,7.76,5.67,6.81,4.18,0.9,3.86,11.24,0.8766748,0.029825509,1.8825682,-0.68684816,0.09997471,0.65821517,0.6401476,3.868896007537842
108.12,35.02,陕西,咸阳,彬县,6.0,-0.86,7.77,5.69,6.81,4.19,0.79,3.44,10.02,0.61206007,0.038699895,1.7171959,-0.65358394,0.14063978,0.54090416,0.6079077,3.467292308807373
108.12,35.02,陕西,咸阳,彬县,7.0,-0.87,7.77,5.7,6.81,4.35,0.92,3.34,9.96,0.4036285,-0.013788298,1.5189596,-0.6129874,0.15144673,0.49565968,0.5909054,3.339844226837158
108.12,35.02,陕西,咸阳,彬县,8.0,-0.87,7.77,5.7,6.81,4.31,0.76,3.44,10.57,0.30950606,-0.017897516,1.3999394,-0.62983173,0.13819379,0.5848403,0.54712725,3.286228656768799
108.12,35.02,陕西,咸阳,彬县,9.0,-0.87,7.77,5.67,6.82,4.33,0.76,3.2,9.41,0.2769872,-0.003977567,1.2976694,-0.64601564,0.12093563,0.66546476,0.52800566,3.3214712142944336
108.12,35.02,陕西,咸阳,彬县,10.0,-0.87,7.77,5.65,6.82,4.16,0.63,3.99,11.33,0.3018231,0.019079387,1.4001087,-0.6598179,0.2134215,0.8638202,0.44290864,3.959876298904419
108.12,35.02,陕西,咸阳,彬县,11.0,-0.88,7.77,5.63,6.82,4.2,0.72,4.48,12.83,0.42474023,0.01880151,1.5033451,-0.65570474,0.2077831,1.0444024,0.37016386,4.488626480102539
108.12,35.02,陕西,咸阳,彬县,12.0,-0.88,7.77,5.6,6.83,3.86,0.77,4.55,13.06,0.5386441,0.047273874,1.5956892,-0.6640332,0.15786892,1.1820779,0.31105494,4.499343395233154
108.3,35.17,陕西,咸阳,旬邑,1.0,-0.85,7.76,5.59,6.78,4.19,0.73,4.21,18.75,0.563328,0.025644675,1.968387,-0.3691237,-0.2996457,1.3258153,0.24304861,4.204105377197266
108.3,35.17,陕西,咸阳,旬邑,2.0,-0.86,7.76,5.61,6.78,3.95,0.85,3.95,17.35,0.5611968,0.006126046,1.9122458,-0.36928785,-0.16899827,1.136529,0.3121723,3.991177558898926
108.3,35.17,陕西,咸阳,旬邑,3.0,-0.86,7.76,5.64,6.77,4.06,0.98,4.26,17.89,0.4878718,-0.01477012,1.8683931,-0.35051087,-0.07288846,1.0340505,0.36136043,4.139833450317383
108.3,35.17,陕西,咸阳,旬邑,4.0,-0.86,7.76,5.66,6.77,4.0,1.14,3.64,15.73,0.260698,-0.056004807,1.6583755,-0.34129357,0.02559442,0.82503533,0.3365722,3.7486956119537354
108.3,35.17,陕西,咸阳,旬邑,5.0,-0.86,7.76,5.67,6.77,4.15,1.07,3.57,14.99,0.07537311,-0.0888488,1.4971286,-0.3443094,0.108859606,0.6730058,0.27791768,3.480013370513916
108.3,35.17,陕西,咸阳,旬邑,6.0,-0.86,7.77,5.68,6.77,4.21,0.97,3.14,13.41,-0.13309947,-0.110302925,1.3970922,-0.29594722,0.13347958,0.5717267,0.23954916,3.2036123275756836
108.3,35.17,陕西,咸阳,旬邑,7.0,-0.87,7.77,5.69,6.76,4.4,1.01,3.26,13.38,-0.20501602,-0.18287948,1.3553281,-0.27812964,0.1353907,0.59101546,0.1818246,3.289991855621338
108.3,35.17,陕西,咸阳,旬邑,8.0,-0.87,7.77,5.69,6.77,4.37,0.88,3.56,13.98,-0.27935347,-0.20333174,1.3223836,-0.29748288,0.16187856,0.6475183,0.13116965,3.4103822708129883
108.3,35.17,陕西,咸阳,旬邑,9.0,-0.87,7.77,5.66,6.77,4.35,0.77,3.01,12.53,-0.2631302,-0.07401799,1.2101333,-0.2261967,0.08046949,0.6748476,0.2195514,3.1253676414489746
108.3,35.17,陕西,咸阳,旬邑,10.0,-0.87,7.77,5.64,6.78,4.16,0.81,3.38,15.02,-0.33606339,-0.039302453,1.3052521,-0.25191578,0.13380343,0.7256886,0.31767514,3.448256731033325
108.3,35.17,陕西,咸阳,旬邑,11.0,-0.88,7.77,5.62,6.78,4.21,0.79,3.98,17.1,-0.29460543,0.0139657855,1.3729373,-0.23506403,0.21116015,0.8160062,0.23454459,3.8748421669006348
108.3,35.17,陕西,咸阳,旬邑,12.0,-0.88,7.77,5.6,6.78,3.91,0.63,3.95,17.23,-0.2492378,0.018167377,1.3929242,-0.26197985,0.24547267,0.91855705,0.09613168,3.964487314224243
108.07,34.28,陕西,咸阳,杨凌,1.0,-0.85,7.76,5.6,6.87,4.24,0.62,4.94,19.91,0.8506563,0.18161967,1.1487261,-1.2652984,1.1938107,0.39348182,0.020913988,4.880510330200195
108.07,34.28,陕西,咸阳,杨凌,2.0,-0.86,7.76,5.62,6.87,3.98,0.71,4.43,18.09,0.76330316,0.17568696,1.1430978,-1.1671467,1.1273559,0.29798767,0.09801634,4.491335391998291
108.07,34.28,陕西,咸阳,杨凌,3.0,-0.86,7.76,5.65,6.86,4.16,0.85,4.56,18.34,0.7033347,0.23181134,1.1582395,-1.0516522,1.1235462,0.21872771,0.16560552,4.389162540435791
108.07,34.28,陕西,咸阳,杨凌,4.0,-0.86,7.76,5.67,6.86,4.16,0.91,3.87,15.92,0.58139133,0.24112114,1.0990546,-0.9573996,1.0793924,0.079871625,0.17231265,3.9140219688415527
108.07,34.28,陕西,咸阳,杨凌,5.0,-0.86,7.76,5.68,6.86,4.19,0.86,3.58,14.83,0.49330696,0.24000463,1.0912377,-0.8957058,1.0020808,0.008537501,0.1824808,3.539069652557373
108.07,34.28,陕西,咸阳,杨凌,6.0,-0.86,7.77,5.7,6.85,4.17,0.77,3.32,13.59,0.4837837,0.2180753,1.1384963,-0.8450787,0.90691525,0.009191215,0.1596581,3.317903995513916
108.07,34.28,陕西,咸阳,杨凌,7.0,-0.87,7.77,5.7,6.85,4.35,0.64,3.23,13.17,0.5356021,0.13403367,1.1576586,-0.83627236,0.767455,0.059589207,0.15753157,3.112673044204712
108.07,34.28,陕西,咸阳,杨凌,8.0,-0.87,7.77,5.71,6.85,4.29,0.55,3.44,13.82,0.36725762,0.66603744,2.2513406,-0.8384179,1.3289648,-0.7623247,0.40089118,3.4376380443573
108.07,34.28,陕西,咸阳,杨凌,9.0,-0.87,7.77,5.68,6.86,4.34,0.61,3.09,12.64,0.5239754,0.083799124,1.1776204,-0.8343403,0.6802093,0.1998407,0.1352539,3.2552926540374756
108.07,34.28,陕西,咸阳,杨凌,10.0,-0.87,7.77,5.66,6.87,4.16,0.58,3.83,15.72,0.54891276,0.0047104657,1.2467029,-0.91951525,0.7450966,0.30446163,0.101307034,3.7374067306518555
108.07,34.28,陕西,咸阳,杨凌,11.0,-0.88,7.77,5.64,6.87,4.29,0.42,4.4,17.84,0.58104265,-0.07378888,1.3412926,-0.88887465,0.82548994,0.33485663,0.05815746,4.18356466293335
108.07,34.28,陕西,咸阳,杨凌,12.0,-0.88,7.77,5.61,6.87,3.96,0.58,4.5,18.13,0.630015,0.013183564,1.4510719,-0.7085062,0.9451735,0.31169802,0.13228434,4.55423641204834
108.82,34.55,陕西,咸阳,泾阳,1.0,-0.85,7.76,5.6,6.88,4.27,0.76,5.04,24.12,-0.21526995,0.3479891,0.7726083,0.13540204,0.78814673,0.74320924,0.7498841,5.017497539520264
108.82,34.55,陕西,咸阳,泾阳,2.0,-0.86,7.76,5.63,6.88,3.93,0.84,4.69,22.17,-0.14915478,0.13736863,0.76865447,0.15622738,0.7938015,0.6403984,0.6698748,4.794215202331543
108.82,34.55,陕西,咸阳,泾阳,3.0,-0.86,7.76,5.66,6.87,4.15,1.03,4.67,22.72,-0.42739323,-0.06689969,0.8448603,0.22885703,0.80181867,0.44844106,0.5775355,4.683183193206787
108.82,34.55,陕西,咸阳,泾阳,4.0,-0.86,7.76,5.67,6.87,4.16,1.06,4.04,19.56,-0.7028345,-0.20952675,0.9299425,0.18349871,0.78094006,0.2085887,0.39731926,4.061722755432129
108.82,34.55,陕西,咸阳,泾阳,5.0,-0.86,7.76,5.68,6.87,4.18,1.02,4.05,18.8,-0.8225814,-0.2923686,1.128978,0.14136729,0.7445079,0.21329294,0.21183711,4.0243353843688965
108.82,34.55,陕西,咸阳,泾阳,6.0,-0.86,7.77,5.7,6.86,4.09,0.93,3.76,17.09,-0.65479124,0.14935598,0.9567671,0.20268779,0.56257105,0.46071154,0.32870054,3.733015298843384
108.82,34.55,陕西,咸阳,泾阳,7.0,-0.87,7.77,5.71,6.86,4.27,1.18,3.63,16.84,-0.773561,0.25132447,1.1614149,0.096615374,0.40344048,0.60536265,0.12821162,3.642137050628662
108.82,34.55,陕西,咸阳,泾阳,8.0,-0.87,7.77,5.71,6.86,4.2,0.96,3.68,17.6,-0.6389582,0.5938036,1.0733777,-0.0018444983,0.29924226,0.83633745,0.31342036,3.6682651042938232
108.82,34.55,陕西,咸阳,泾阳,9.0,-0.87,7.77,5.68,6.87,4.26,0.85,3.38,15.71,-0.7116461,0.6435945,0.81623864,0.15111327,0.43560198,0.5215255,0.74191284,3.364290475845337
108.82,34.55,陕西,咸阳,泾阳,10.0,-0.87,7.77,5.66,6.88,4.05,0.93,3.88,18.9,-0.67032444,0.30766273,0.77196383,-0.10357635,0.68106747,0.457503,0.646665,3.916705369949341
108.82,34.55,陕西,咸阳,泾阳,11.0,-0.88,7.77,5.64,6.88,4.26,0.57,4.46,21.7,-0.4959117,0.27200195,0.9121376,-0.26760346,0.82570595,0.5076339,0.57819843,4.379278182983398
108.82,34.55,陕西,咸阳,泾阳,12.0,-0.88,7.77,5.61,6.89,3.89,0.68,4.54,22.17,-0.325425,0.4918671,1.0285288,-0.49319455,0.90425205,0.5321523,0.71903455,4.579610824584961
108.55,34.82,陕西,咸阳,淳化,1.0,-0.85,7.76,5.59,6.81,4.19,0.96,4.21,18.76,-0.3241177,0.20048589,1.3021336,0.20931944,0.25358632,1.2123723,0.683959,5.276440620422363
108.55,34.82,陕西,咸阳,淳化,2.0,-0.86,7.76,5.61,6.81,3.95,1.05,3.95,17.44,0.057813674,0.4492425,0.9742892,-0.06833216,0.2514465,0.8140414,0.9603957,3.958918571472168
108.55,34.82,陕西,咸阳,淳化,3.0,-0.86,7.76,5.65,6.8,4.12,1.14,4.26,17.92,0.2285977,0.660256,1.4552684,-0.17185923,0.47185612,0.4453407,1.0761354,4.249970436096191
108.55,34.82,陕西,咸阳,淳化,4.0,-0.86,7.76,5.66,6.8,4.12,1.16,3.64,15.65,0.08172566,0.34486467,0.89529085,-0.12604025,0.3660488,0.5831514,0.9704105,3.8859634399414062
108.55,34.82,陕西,咸阳,淳化,5.0,-0.86,7.76,5.67,6.78,4.19,0.98,3.57,15.18,-0.19056498,0.01952663,0.884653,0.092258126,0.5643066,0.43851337,0.6202539,3.941725492477417
108.55,34.82,陕西,咸阳,淳化,6.0,-0.86,7.77,5.69,6.8,4.19,0.92,3.14,13.73,-0.24150628,0.024398878,0.8713939,0.13978446,0.5780279,0.33662254,0.6095107,3.701810359954834
108.55,34.82,陕西,咸阳,淳化,7.0,-0.87,7.77,5.7,6.79,4.4,1.05,3.26,13.67,-0.27737856,0.02803649,0.81538355,0.20922296,0.5789654,0.25056687,0.6321965,3.5788822174072266
108.55,34.82,陕西,咸阳,淳化,8.0,-0.87,7.77,5.7,6.8,4.37,0.87,3.56,14.22,-0.3202241,0.051983878,0.76095974,0.2680811,0.5546018,0.18078499,0.62112296,3.1850430965423584
108.55,34.82,陕西,咸阳,淳化,9.0,-0.87,7.77,5.67,6.81,4.36,0.87,3.01,12.71,-0.31017816,0.2471448,0.7757249,0.3398387,0.53978217,0.1719301,0.57940483,3.0026042461395264
108.55,34.82,陕西,咸阳,淳化,10.0,-0.87,7.77,5.65,6.81,4.1,1.02,3.38,14.91,-0.43656844,0.0241272,0.7546792,0.3818606,0.6091374,0.1560097,0.6096636,3.364494800567627
108.55,34.82,陕西,咸阳,淳化,11.0,-0.88,7.77,5.63,6.81,4.23,0.87,3.98,17.08,-0.43528727,-0.028223336,0.8451692,0.46423778,0.70751935,0.25789818,0.63302755,3.9807634353637695
108.55,34.82,陕西,咸阳,淳化,12.0,-0.88,7.77,5.6,6.81,3.92,0.73,3.95,17.22,-0.47277656,-0.032396898,0.9791337,0.5439006,0.79333174,0.30242965,0.6400301,4.355022430419922
108.48,34.5,陕西,咸阳,礼泉,1.0,-0.85,7.76,5.6,6.87,4.19,0.9,5.03,24.26,-0.752805,0.4270115,1.3955303,0.12105441,0.58972883,0.76203024,0.36882025,4.776856422424316
108.48,34.5,陕西,咸阳,礼泉,2.0,-0.86,7.76,5.62,6.87,3.88,0.95,4.6,22.38,-0.7655555,0.29823515,1.251105,0.038450647,0.7396643,0.60456467,0.3111047,4.602599143981934
108.48,34.5,陕西,咸阳,礼泉,3.0,-0.86,7.76,5.66,6.86,4.09,1.11,4.64,22.81,-0.7881298,0.24635103,1.2439338,-0.044033583,0.7834642,0.48063165,0.3138042,4.548591613769531
108.48,34.5,陕西,咸阳,礼泉,4.0,-0.86,7.76,5.67,6.86,4.09,1.21,4.12,19.78,-0.84878707,0.17792073,1.258809,-0.09960964,0.8067676,0.29794335,0.2352639,4.173612117767334
108.48,34.5,陕西,咸阳,礼泉,5.0,-0.86,7.76,5.68,6.85,4.14,1.13,3.86,19.09,-0.9131024,0.10484396,1.2892443,-0.13049656,0.8503989,0.122059114,0.15889147,3.862405300140381
108.48,34.5,陕西,咸阳,礼泉,6.0,-0.86,7.77,5.7,6.85,4.08,1.02,3.44,17.23,-0.93647194,0.08235194,1.3093432,-0.15123926,0.86988395,-0.014408559,0.10359946,3.561877489089966
108.48,34.5,陕西,咸阳,礼泉,7.0,-0.87,7.77,5.71,6.85,4.32,1.18,3.34,16.91,-0.9426991,0.10696487,1.3005246,-0.1359776,0.86485034,-0.10275695,0.15705073,3.3745455741882324
108.48,34.5,陕西,咸阳,礼泉,8.0,-0.87,7.77,5.71,6.85,4.23,0.99,3.44,17.61,-0.8985195,0.15410607,1.2875525,-0.13643998,0.84486336,-0.094754815,0.24733499,3.3512539863586426
108.48,34.5,陕西,咸阳,礼泉,9.0,-0.87,7.77,5.68,6.86,4.29,1.01,3.2,15.9,-0.84619176,0.17479621,1.2458091,-0.16741717,0.81611216,-0.058719724,0.31227338,3.3570239543914795
108.48,34.5,陕西,咸阳,礼泉,10.0,-0.87,7.77,5.66,6.87,4.08,1.04,3.99,19.17,-0.810436,0.1497458,1.3105409,-0.17912535,0.86562335,0.01588025,0.36227912,3.8045506477355957
108.48,34.5,陕西,咸阳,礼泉,11.0,-0.88,7.77,5.64,6.87,4.22,0.85,4.48,21.85,-0.7157165,0.16604549,1.3053234,-0.18854192,0.9036551,0.112128586,0.40376458,4.099666118621826
108.48,34.5,陕西,咸阳,礼泉,12.0,-0.88,7.77,5.61,6.87,3.88,0.73,4.55,22.14,-0.39616492,0.24198669,1.2981316,-0.121796824,0.9417775,0.25955665,0.61041415,4.573263168334961
108.22,34.25,陕西,咸阳,武功,1.0,-0.85,7.76,5.6,6.88,4.24,0.61,4.94,19.88,0.74829113,0.41277847,1.3829099,-1.1842028,1.551969,-0.07449055,0.068882704,4.877730846405029
108.22,34.25,陕西,咸阳,武功,2.0,-0.86,7.76,5.72,6.87,3.99,0.74,4.43,18.3,0.7089331,0.31340435,1.3195301,-1.1163688,1.4718938,-0.11365649,0.113015234,4.618293285369873
108.22,34.25,陕西,咸阳,武功,3.0,-0.86,7.76,5.65,6.87,4.2,0.86,4.56,18.28,0.6287755,0.24638209,1.2732719,-0.9712774,1.4053632,-0.13584763,0.14400655,4.447896957397461
108.22,34.25,陕西,咸阳,武功,4.0,-0.86,7.76,5.67,6.87,4.22,0.85,3.87,16.06,0.45935133,0.18940476,1.2482581,-0.87481177,1.2850548,-0.19859013,0.13460931,3.9884252548217773
108.22,34.25,陕西,咸阳,武功,5.0,-0.86,7.76,5.68,6.86,4.2,0.77,3.58,15.06,0.3130639,0.14754397,1.2613328,-0.8283936,1.1217259,-0.1986964,0.12033668,3.5587987899780273
108.22,34.25,陕西,咸阳,武功,6.0,-0.86,7.77,5.7,6.86,4.13,0.82,3.32,13.71,0.24262735,0.097390875,1.2944415,-0.71768224,1.0024139,-0.17697787,0.069042176,3.3522541522979736
108.22,34.25,陕西,咸阳,武功,7.0,-0.87,7.77,5.71,6.86,4.34,0.81,3.23,13.3,0.2876759,0.06591742,1.2684509,-0.64260113,0.8838137,-0.107254505,0.060593367,3.1876049041748047
108.22,34.25,陕西,咸阳,武功,8.0,-0.87,7.77,5.71,6.86,4.29,0.62,3.44,13.95,0.28187987,0.10590789,1.2252743,-0.6117437,0.81040806,-0.010650203,0.051299512,3.1502225399017334
108.22,34.25,陕西,咸阳,武功,9.0,-0.87,7.77,5.68,6.87,4.35,0.64,3.09,12.75,0.21106994,0.105151266,1.2297423,-0.57727444,0.78163874,0.048905768,0.05371803,3.2361435890197754
108.22,34.25,陕西,咸阳,武功,10.0,-0.87,7.77,5.66,6.87,4.16,0.65,3.83,15.85,0.2267996,0.08749859,1.3463486,-0.6412917,0.8765281,0.1289699,0.067284405,3.7943508625030518
108.22,34.25,陕西,咸阳,武功,11.0,-0.88,7.77,5.64,6.87,4.29,0.46,4.4,17.81,0.27439937,0.09609544,1.4795341,-0.64957035,0.97891045,0.16944431,0.13066834,4.320881366729736
108.22,34.25,陕西,咸阳,武功,12.0,-0.88,7.77,5.63,6.88,3.97,0.59,4.5,18.19,0.24020818,0.18370825,1.5198752,-0.6990239,0.99894035,0.16520733,0.22949006,4.365254878997803
108.15,34.7,陕西,咸阳,永寿,1.0,-0.85,7.76,5.6,6.81,4.16,0.47,5.03,24.21,0.67953575,0.08607921,1.4544039,-0.77035123,0.63050276,0.9072794,0.2165154,5.0602850914001465
108.15,34.7,陕西,咸阳,永寿,2.0,-0.86,7.76,5.65,6.81,3.9,0.49,4.6,22.39,0.6921381,0.06292108,1.4517512,-0.7427526,0.66336566,0.6995057,0.31983286,4.621487140655518
108.15,34.7,陕西,咸阳,永寿,3.0,-0.86,7.76,5.65,6.81,4.1,0.6,4.64,22.68,0.62794614,0.07010099,1.3893331,-0.685125,0.744862,0.5387281,0.37533152,4.5622076988220215
108.15,34.7,陕西,咸阳,永寿,4.0,-0.86,7.76,5.66,6.8,4.05,0.6,4.12,20.01,0.44911304,0.047725916,1.300119,-0.63288194,0.767624,0.38126275,0.34059638,4.167411804199219
108.15,34.7,陕西,咸阳,永寿,5.0,-0.86,7.76,5.68,6.8,4.11,0.6,3.86,18.96,0.31372777,0.07358861,1.2397391,-0.59965193,0.74786025,0.27092528,0.30530748,3.781627655029297
108.15,34.7,陕西,咸阳,永寿,6.0,-0.86,7.77,5.69,6.8,4.08,0.55,3.44,16.9,0.2973479,0.111192316,1.2178392,-0.6288308,0.696252,0.23131047,0.29331124,3.4700422286987305
108.15,34.7,陕西,咸阳,永寿,7.0,-0.87,7.77,5.7,6.8,4.34,0.62,3.34,16.64,0.32342112,0.1480872,1.1956285,-0.628273,0.6383448,0.2504017,0.35159385,3.3929877281188965
108.15,34.7,陕西,咸阳,永寿,8.0,-0.87,7.77,5.7,6.8,4.28,0.55,3.44,17.45,0.34432983,0.16373178,1.1892909,-0.63259745,0.5999629,0.3287896,0.39482546,3.4514458179473877
108.15,34.7,陕西,咸阳,永寿,9.0,-0.87,7.77,5.67,6.81,4.27,0.49,3.2,15.81,0.3787308,0.15557593,1.2074987,-0.6548843,0.5678157,0.42179504,0.40948668,3.592559337615967
108.15,34.7,陕西,咸阳,永寿,10.0,-0.87,7.77,5.65,6.81,4.02,0.57,3.99,19.31,0.42627135,0.13417062,1.26362,-0.6704303,0.58180445,0.53328127,0.44644743,3.934957981109619
108.15,34.7,陕西,咸阳,永寿,11.0,-0.88,7.77,5.63,6.81,4.17,0.47,4.48,21.79,0.48642805,0.10556677,1.3387495,-0.6624254,0.6411977,0.59443057,0.4274235,4.339969158172607
108.15,34.7,陕西,咸阳,永寿,12.0,-0.88,7.77,5.61,6.82,3.84,0.5,4.55,22.16,0.5163692,0.14798346,1.3544743,-0.64004445,0.6535265,0.6176381,0.4595868,4.335824012756348
107.8,35.2,陕西,咸阳,长武,1.0,-0.85,7.76,5.61,6.79,4.16,0.64,5.03,9.24,1.347296,0.012758747,2.1768844,-0.99939245,0.388354,1.0801497,-0.6656033,5.033112049102783
107.8,35.2,陕西,咸阳,长武,2.0,-0.86,7.76,5.61,6.78,3.91,0.64,4.6,8.55,1.4196454,0.03573715,2.088229,-1.005921,0.40226564,0.96825063,-0.5367365,4.639163970947266
107.8,35.2,陕西,咸阳,长武,3.0,-0.86,7.76,5.65,6.78,4.06,0.78,4.64,8.9,1.5084773,-0.0015587211,2.0154586,-1.0199665,0.4075638,0.91919124,-0.4625728,4.561868190765381
107.8,35.2,陕西,咸阳,长武,4.0,-0.86,7.76,5.66,6.78,3.99,0.92,4.12,7.76,1.3372475,-0.03934732,1.8930856,-1.035145,0.39777637,0.8446512,-0.5078289,4.138374328613281
107.8,35.2,陕西,咸阳,长武,5.0,-0.86,7.76,5.65,6.86,3.08,0.07,3.86,7.43,1.1721846,-0.005732596,1.7859004,-1.012068,0.37379348,0.7628217,-0.5218787,3.7397773265838623
107.8,35.2,陕西,咸阳,长武,6.0,-0.86,7.77,5.68,6.77,4.19,0.62,3.44,6.58,1.0102822,0.009253234,1.6907135,-0.9382829,0.369067,0.65629053,-0.5578979,3.603590965270996
107.8,35.2,陕西,咸阳,长武,7.0,-0.87,7.77,5.69,6.77,4.39,0.8,3.34,6.6,0.89833343,-0.0086405575,1.5898163,-0.8653039,0.3263754,0.6240231,-0.6023912,3.3034629821777344
107.8,35.2,陕西,咸阳,长武,8.0,-0.87,7.77,5.69,6.78,4.35,0.65,3.44,7.0,0.7923838,0.007988244,1.512359,-0.8150449,0.29246336,0.6964836,-0.62798893,3.365854024887085
107.8,35.2,陕西,咸阳,长武,9.0,-0.87,7.77,5.67,6.78,4.34,0.65,3.2,6.21,0.6797091,0.015391335,1.4693087,-0.75222766,0.2824235,0.73640394,-0.6341268,3.4010350704193115
107.8,35.2,陕西,咸阳,长武,10.0,-0.87,7.77,5.65,6.79,4.13,0.69,3.99,7.37,0.57204854,-0.038907826,1.5113828,-0.78042436,0.32188565,0.88657296,-0.62832403,3.820218086242676
107.8,35.2,陕西,咸阳,长武,11.0,-0.88,7.77,5.62,6.79,4.18,0.69,4.48,8.46,0.547881,-0.13253424,1.6002027,-0.8360591,0.37922958,1.0243214,-0.6686199,4.435906887054443
107.8,35.2,陕西,咸阳,长武,12.0,-0.88,7.77,5.6,6.79,3.83,0.63,4.55,8.5,0.44355044,-0.1771611,1.7321235,-0.8484711,0.37961912,1.1493806,-0.78611004,4.622876167297363
109.23,34.4,陕西,西安,临潼,1.0,-0.01,8.93,5.61,6.88,4.2,0.81,4.85,19.64,-1.2791245,-0.1815885,0.8992096,0.15640368,1.0352468,0.34050128,0.17443147,4.794674396514893
109.23,34.4,陕西,西安,临潼,2.0,0.03,8.94,5.63,6.88,3.87,0.78,4.3,17.74,-1.3628858,-0.1837708,0.8895769,0.23511252,1.0016036,0.24951985,0.18022335,4.443348407745361
109.23,34.4,陕西,西安,临潼,3.0,0.07,8.95,5.66,6.87,4.11,0.9,4.34,18.01,-1.3984615,-0.20846823,0.92254746,0.3124852,0.963266,0.13686816,0.17620641,4.1718831062316895
109.23,34.4,陕西,西安,临潼,4.0,0.1,8.96,5.67,6.87,4.07,1.04,3.71,15.55,-1.4387189,-0.23755443,0.9595212,0.37161198,0.9064294,0.01590924,0.112880796,3.7478699684143066
109.23,34.4,陕西,西安,临潼,5.0,0.13,8.97,5.69,6.87,4.09,1.05,3.55,14.65,-1.4706193,-0.26915017,0.97443724,0.35251138,0.8577405,0.00081808865,0.018098593,3.496849536895752
109.23,34.4,陕西,西安,临潼,6.0,0.17,8.98,5.7,6.86,4.04,1.0,3.23,13.64,-1.5033501,-0.27267823,0.9866228,0.28391036,0.7838388,0.061270297,-0.09089741,3.316580295562744
109.23,34.4,陕西,西安,临潼,7.0,0.2,8.99,5.71,6.86,4.29,1.03,3.34,13.27,-1.5147833,-0.24286437,0.9839289,0.2289617,0.7634285,0.07122272,-0.079897344,3.2776896953582764
109.23,34.4,陕西,西安,临潼,8.0,0.23,8.99,5.71,6.86,4.18,0.93,3.46,13.88,-1.5296193,-0.25541902,0.9324218,0.15465087,0.78109497,0.07977465,-0.099889755,3.2454018592834473
109.23,34.4,陕西,西安,临潼,9.0,0.26,9.0,5.68,6.87,4.23,0.82,3.0,12.5,-1.4485115,-0.19961706,0.8261813,0.087212205,0.7799324,0.05387318,0.029120207,3.154073476791382
109.23,34.4,陕西,西安,临潼,10.0,0.29,9.01,5.66,6.87,4.02,0.8,3.64,15.1,-1.1481547,-0.19612923,0.9313872,-0.04188255,0.8745449,0.14150456,0.11085105,3.7479138374328613
109.23,34.4,陕西,西安,临潼,11.0,0.32,9.02,5.64,6.88,4.25,0.52,4.37,17.55,-0.98529506,-0.26620874,1.0115706,-0.22645907,0.8201164,0.43805638,-0.019421846,4.265497207641602
109.23,34.4,陕西,西安,临潼,12.0,0.35,9.03,5.62,6.88,3.89,0.68,4.49,18.18,-0.9579289,-0.2687578,1.0641074,-0.3010431,0.75603414,0.67218006,-0.106318116,4.491225242614746
108.2,34.15,陕西,西安,周至,1.0,-0.01,8.93,5.61,6.88,4.27,0.53,4.94,19.7,0.53993714,0.04949531,1.0628129,-1.0785426,1.2385706,0.24876246,-0.015078679,4.881196022033691
108.2,34.15,陕西,西安,周至,2.0,0.03,8.94,5.63,6.88,4.02,0.68,4.43,18.14,0.5221164,0.011018872,1.056779,-1.0212452,1.1118556,0.22834703,0.008376762,4.46763801574707
108.2,34.15,陕西,西安,周至,3.0,0.07,8.95,5.66,6.87,4.15,0.83,4.56,18.12,0.47138765,0.069951355,1.015363,-0.9330629,1.0693482,0.16599435,0.06272577,4.237492561340332
108.2,34.15,陕西,西安,周至,4.0,0.1,8.96,5.67,6.87,4.14,0.96,3.87,15.76,0.35246664,0.10770814,0.96956074,-0.79504883,1.0337741,-0.00030952692,0.08881137,3.7692313194274902
108.2,34.15,陕西,西安,周至,5.0,0.13,8.97,5.68,6.87,4.2,0.86,3.58,14.78,0.2653916,0.14144063,0.99531937,-0.67388844,0.9861039,-0.07084878,0.10843927,3.5446109771728516
108.2,34.15,陕西,西安,周至,6.0,0.17,8.98,5.7,6.86,4.2,0.8,3.32,13.52,0.21161309,0.13947114,1.0390677,-0.5868381,0.9139467,-0.08431631,0.06066063,3.348109006881714
108.2,34.15,陕西,西安,周至,7.0,0.2,8.99,5.7,6.86,4.37,0.67,3.23,13.18,0.20515296,0.10849984,1.0780095,-0.55270815,0.8213999,-0.051824674,0.035874456,3.1947755813598633
108.2,34.15,陕西,西安,周至,8.0,0.23,8.99,5.71,6.86,4.28,0.65,3.44,14.02,0.20910215,0.1021328,1.0736909,-0.5600637,0.7695408,0.03320913,0.04994154,3.26047682762146
108.2,34.15,陕西,西安,周至,9.0,0.26,9.0,5.68,6.87,4.36,0.6,3.09,12.58,0.21202016,0.0519031,1.0763003,-0.5814244,0.7382426,0.09089138,0.049656212,3.308933734893799
108.2,34.15,陕西,西安,周至,10.0,0.29,9.01,5.66,6.88,4.26,0.57,3.83,15.58,0.15599155,-0.011537328,1.1462126,-0.65889865,0.8343223,0.16705501,0.054451913,3.798643112182617
108.2,34.15,陕西,西安,周至,11.0,0.32,9.02,5.64,6.88,4.33,0.45,4.4,17.54,0.16786584,-0.06627728,1.2572662,-0.6419933,0.97026974,0.18940707,0.046258032,4.34808349609375
108.2,34.15,陕西,西安,周至,12.0,0.35,9.03,5.62,6.88,4.07,0.42,4.5,18.12,0.13363793,-0.058873996,1.345421,-0.5850407,1.0742233,0.18351196,0.09987742,4.730902671813965
108.62,34.12,陕西,西安,户县,1.0,-0.01,8.93,5.61,6.89,4.32,0.6,4.94,9.94,-0.3016655,0.022607267,0.14486223,-1.6166309,1.0460737,0.8920939,0.38712966,4.9333176612854
108.62,34.12,陕西,西安,户县,2.0,0.03,8.94,5.63,6.88,4.04,0.7,4.43,9.06,-0.36429137,0.020783022,0.5682731,-0.9853313,1.2148318,0.5429013,-0.20479378,4.8057756423950195
108.62,34.12,陕西,西安,户县,3.0,0.07,8.95,5.66,6.87,4.2,0.76,4.56,9.14,-0.43693817,-0.041714728,0.62447274,-0.8719548,1.2116268,0.39993146,-0.22839662,4.565947532653809
108.62,34.12,陕西,西安,户县,4.0,0.1,8.96,5.67,6.87,4.19,0.88,3.87,7.93,-0.48781732,-0.105722964,0.6888292,-0.7406645,1.1899652,0.16101515,-0.25951123,3.9937098026275635
108.62,34.12,陕西,西安,户县,5.0,0.13,8.97,5.68,6.87,4.2,0.87,3.58,7.39,-0.53844374,-0.123634964,0.7613189,-0.57175565,1.1368346,-0.068377644,-0.24958506,3.4357872009277344
108.62,34.12,陕西,西安,户县,6.0,0.17,8.98,5.7,6.86,4.18,0.81,3.32,6.83,-0.5385599,-0.097329706,0.89248097,-0.40192318,1.1405479,-0.22481242,-0.23844984,3.288475751876831
108.62,34.12,陕西,西安,户县,7.0,0.2,8.99,5.71,6.86,4.38,0.71,3.23,6.6,-0.50908947,-0.009018317,0.99358296,-0.26323625,1.1305892,-0.3070148,-0.14691332,3.272671937942505
108.62,34.12,陕西,西安,户县,8.0,0.23,8.99,5.71,6.86,4.3,0.69,3.44,6.94,-0.5469711,0.04836218,1.0234451,-0.20767246,1.0970371,-0.3052808,-0.023575485,3.328897476196289
108.62,34.12,陕西,西安,户县,9.0,0.26,9.0,5.68,6.87,4.37,0.68,3.09,6.35,-0.6452553,0.066344045,1.0329787,-0.16459155,1.0606858,-0.30697405,0.022717863,3.268110513687134
108.62,34.12,陕西,西安,户县,10.0,0.29,9.01,5.66,6.88,4.21,0.64,3.83,7.9,-0.71698856,0.054948643,1.0903872,-0.23227885,1.1574489,-0.251999,0.02946785,3.7432074546813965
108.62,34.12,陕西,西安,户县,11.0,0.32,9.02,5.64,6.88,4.36,0.45,4.4,8.96,-0.77974844,0.0012264848,1.1600388,-0.23546216,1.2048775,-0.21318045,0.053860426,4.017032146453857
108.62,34.12,陕西,西安,户县,12.0,0.35,9.03,5.62,6.89,4.07,0.48,4.5,9.08,-0.7348708,0.051355824,1.2058828,-0.21081002,1.2835268,-0.15550795,0.16810703,4.532661437988281
109.32,34.17,陕西,西安,蓝田,1.0,-0.01,8.93,5.6,6.87,4.3,0.39,4.91,19.53,-1.7020195,-0.5243181,0.84571457,-0.29783836,1.2413385,0.25352642,0.18774801,4.896394729614258
109.32,34.17,陕西,西安,蓝田,2.0,0.03,8.94,5.62,6.87,4.06,0.61,4.42,17.58,-1.3128563,-0.42957017,0.8120923,-0.5362872,1.3087171,0.08554044,-0.15598038,4.412905216217041
109.32,34.17,陕西,西安,蓝田,3.0,0.07,8.95,5.65,6.86,4.14,0.82,4.58,17.97,-1.283767,-0.39728162,0.9982569,-0.58108723,1.4980873,-0.12091437,-0.30623466,4.501519203186035
109.32,34.17,陕西,西安,蓝田,4.0,0.1,8.96,5.67,6.86,4.15,0.78,3.98,15.54,-1.1604284,-0.36443684,0.770777,-0.46572158,1.4046761,-0.073218346,-0.38817608,4.1015520095825195
109.32,34.17,陕西,西安,蓝田,5.0,0.13,8.97,5.68,6.85,4.17,0.82,3.75,14.43,-1.0871927,-0.4210975,0.80073,-0.46996972,1.3809474,-0.121097356,-0.46254945,3.8729450702667236
109.32,34.17,陕西,西安,蓝田,6.0,0.17,8.98,5.7,6.85,4.12,0.75,3.48,13.6,-1.0082397,-0.19710839,0.6275786,-0.28492877,1.0800303,0.037717253,-0.31536674,3.420961380004883
109.32,34.17,陕西,西安,蓝田,7.0,0.2,8.99,5.71,6.85,4.26,0.77,3.33,13.33,-1.1381543,-0.11743358,0.6916399,-0.16960736,0.916409,0.11867392,-0.21368879,3.3333323001861572
109.32,34.17,陕西,西安,蓝田,8.0,0.23,8.99,5.71,6.85,4.19,0.72,3.52,13.89,-1.3856469,-0.17944407,0.7891859,-0.16543725,0.9340125,0.10336144,-0.244084,3.414909601211548
109.32,34.17,陕西,西安,蓝田,9.0,0.26,9.0,5.68,6.86,4.27,0.56,3.23,12.52,-1.4242195,-0.21916378,0.69731486,-0.22620697,0.9811988,0.057765484,-0.15538187,3.386117458343506
109.32,34.17,陕西,西安,蓝田,10.0,0.29,9.01,5.66,6.87,4.12,0.67,3.89,15.11,-1.5319027,-0.30215153,0.7670623,-0.21247314,1.1023833,0.03470803,-0.12924626,3.724137783050537
109.32,34.17,陕西,西安,蓝田,11.0,0.32,9.02,5.64,6.87,4.31,0.41,4.42,17.54,-1.5516433,-0.38301578,0.8247231,-0.21005881,1.1952299,0.09357156,-0.102653,4.206083297729492
109.32,34.17,陕西,西安,蓝田,12.0,0.35,9.03,5.61,6.87,4.11,0.3,4.54,18.09,-1.4887545,-0.48684874,0.8450067,-0.2542208,1.2642521,0.17841962,-0.011827916,4.594316005706787
108.88,34.08,陕西,西安,长安,1.0,-0.01,8.93,5.61,6.88,4.29,0.52,4.94,19.69,-0.84580636,0.008362174,0.95777655,-0.17348748,1.2618603,0.2290141,-0.17544559,4.955262184143066
108.88,34.08,陕西,西安,长安,2.0,0.03,8.94,5.62,6.88,4.05,0.61,4.43,17.78,-0.84900093,-0.004822701,1.0182828,-0.12914145,1.2033818,0.19038993,-0.20245981,4.725041389465332
108.88,34.08,陕西,西安,长安,3.0,0.07,8.95,5.66,6.87,4.19,0.63,4.56,18.29,-0.8956783,-0.070478186,1.0487711,-0.1011527,1.1550661,0.15654913,-0.2910376,4.507357120513916
108.88,34.08,陕西,西安,长安,4.0,0.1,8.96,5.67,6.87,4.2,0.64,3.87,15.61,-0.96801686,-0.13340631,0.97297966,-0.08208212,1.1353558,-0.016220361,-0.31233633,3.9432311058044434
108.88,34.08,陕西,西安,长安,5.0,0.13,8.97,5.68,6.86,4.25,0.61,3.58,14.65,-1.075642,-0.16673338,0.9760673,-0.054983627,1.0893962,-0.12638566,-0.33823806,3.540797472000122
108.88,34.08,陕西,西安,长安,6.0,0.17,8.98,5.7,6.86,4.22,0.44,3.32,13.55,-1.0604334,-0.1395236,0.9873973,-0.031161178,1.0494123,-0.17603797,-0.33790293,3.380232810974121
108.88,34.08,陕西,西安,长安,7.0,0.2,8.99,5.71,6.86,4.35,0.4,3.23,13.17,-1.0586109,-0.11499119,0.9912348,-0.032040868,1.0528617,-0.21899149,-0.28483972,3.3050639629364014
108.88,34.08,陕西,西安,长安,8.0,0.23,8.99,5.71,6.86,4.31,0.35,3.44,13.88,-1.0316601,-0.066438705,0.9335201,-0.091029584,1.085746,-0.24860743,-0.19703665,3.2914986610412598
108.88,34.08,陕西,西安,长安,9.0,0.26,9.0,5.68,6.87,4.37,0.23,3.09,12.44,-1.0387721,-0.058808386,0.8594806,-0.13646296,1.0986879,-0.23402128,-0.13160351,3.297640323638916
108.88,34.08,陕西,西安,长安,10.0,0.29,9.01,5.66,6.88,4.25,0.28,3.83,15.37,-1.0967332,-0.042725652,0.8953618,-0.19963978,1.210498,-0.18580338,-0.13458152,3.760718822479248
108.88,34.08,陕西,西安,长安,11.0,0.32,9.02,5.64,6.88,4.34,0.23,4.4,17.6,-1.0293796,-0.033127934,0.94399846,-0.22485483,1.3302227,-0.15080291,-0.09457457,4.236294269561768
108.88,34.08,陕西,西安,长安,12.0,0.35,9.03,5.61,6.88,4.13,0.26,4.5,18.17,-0.7978964,-0.08145732,1.063924,-0.2844471,1.3299919,-0.06297341,0.026899263,4.592548847198486
109.08,34.52,陕西,西安,高陵,1.0,-0.01,8.93,5.61,6.89,4.26,0.86,4.89,15.02,-1.9275779,-0.46211222,1.0490146,-0.046797846,1.1884145,0.16440848,0.14957118,4.872453212738037
109.08,34.52,陕西,西安,高陵,2.0,0.03,8.94,5.62,6.89,3.95,0.79,4.39,13.81,-1.8138963,-0.45947137,0.8810879,0.027892258,1.0052516,0.29247504,0.1123144,4.419949531555176
109.08,34.52,陕西,西安,高陵,3.0,0.07,8.95,5.66,6.88,4.13,1.1,4.55,13.9,-1.736186,-0.40611222,0.78217006,0.09647298,0.9817235,0.32721436,0.18936145,4.469768524169922
109.08,34.52,陕西,西安,高陵,4.0,0.1,8.96,5.67,6.88,4.13,1.09,3.9,11.95,-1.6469613,-0.33698228,0.73097515,0.21919397,0.88975775,0.19862078,0.2722599,3.969522476196289
109.08,34.52,陕西,西安,高陵,5.0,0.13,8.97,5.69,6.87,4.12,1.1,3.57,11.68,-1.5172223,-0.25770584,0.7569885,0.28418785,0.8193817,0.08240962,0.27896547,3.5605390071868896
109.08,34.52,陕西,西安,高陵,6.0,0.17,8.98,5.7,6.87,4.02,1.01,3.3,10.84,-1.4472276,-0.21279916,0.66060543,0.26569027,0.81213033,0.023326725,0.2787779,3.2713472843170166
109.08,34.52,陕西,西安,高陵,7.0,0.2,8.99,5.71,6.86,4.27,1.2,3.27,10.49,-1.4867781,-0.20343399,0.6628568,0.23953834,0.8275441,0.029909536,0.24032006,3.32564115524292
109.08,34.52,陕西,西安,高陵,8.0,0.23,8.99,5.71,6.87,4.2,1.08,3.43,10.8,-1.4048268,-0.10805997,0.6127248,0.05581693,0.7350579,0.2386937,0.13900176,3.353271961212158
109.08,34.52,陕西,西安,高陵,9.0,0.26,9.0,5.68,6.88,4.3,0.92,3.01,9.85,-1.3378066,0.048935235,0.55435264,-0.051123176,0.54964644,0.36007985,0.12544131,3.051584243774414
109.08,34.52,陕西,西安,高陵,10.0,0.29,9.01,5.66,6.88,4.12,0.86,3.72,11.59,-1.124949,0.24158384,0.81429935,-0.10419564,0.43018577,0.60248274,0.33342254,3.707167625427246
109.08,34.52,陕西,西安,高陵,11.0,0.32,9.02,5.64,6.88,4.35,0.54,4.33,13.32,-0.9816667,0.15304138,0.6329341,-0.2752132,0.45706338,0.91704965,0.3962102,4.317093849182129
109.08,34.52,陕西,西安,高陵,12.0,0.35,9.03,5.61,6.89,3.93,0.66,4.58,13.58,-0.98083067,0.299888,0.59482944,-0.45114052,0.34817705,1.1204504,0.5796416,4.333108425140381
108.97,34.43,陕西,西安,泾河,1.0,-0.01,8.93,5.61,6.89,4.18,0.86,4.98,19.73,-0.13266927,-0.058234543,1.2615047,0.23736073,0.7048117,0.51939356,0.5008419,4.996737480163574
108.97,34.43,陕西,西安,泾河,2.0,0.03,8.94,5.65,6.96,2.5,0.17,4.56,17.92,-0.35540643,-0.14265904,1.137416,0.117996275,0.82769954,0.5860304,0.2617881,4.46023416519165
108.97,34.43,陕西,西安,泾河,3.0,0.07,8.95,5.66,6.88,4.07,0.92,4.45,18.16,-0.5992788,-0.15618601,0.9286349,0.030689504,0.7599573,0.5060656,0.23547176,4.456146240234375
108.97,34.43,陕西,西安,泾河,4.0,0.1,8.96,5.67,6.87,4.02,0.93,3.81,15.51,-0.8506392,-0.09257583,0.88012636,0.13253541,0.7168486,0.3293448,0.28457046,3.9268360137939453
108.97,34.43,陕西,西安,泾河,5.0,0.13,8.97,5.69,6.87,4.06,0.92,3.68,14.92,-1.016212,-0.023340926,0.8638725,0.18793496,0.6660806,0.23159634,0.28534758,3.564511299133301
108.97,34.43,陕西,西安,泾河,6.0,0.17,8.98,5.7,6.87,3.99,0.84,3.39,13.74,-1.1727625,0.083840564,0.9266621,0.25579673,0.66925895,0.13870503,0.26103145,3.415553331375122
108.97,34.43,陕西,西安,泾河,7.0,0.2,8.99,5.71,6.86,4.24,1.03,3.28,13.58,-1.1060792,0.126713,0.9665688,0.21048269,0.7953104,0.11469844,0.28354865,3.827714681625366
108.97,34.43,陕西,西安,泾河,8.0,0.23,8.99,5.71,6.87,4.14,1.02,3.46,14.06,-1.0950156,0.14828146,0.97347784,0.13542226,0.93158835,-0.024181068,0.33971485,3.9135994911193848
108.97,34.43,陕西,西安,泾河,9.0,0.26,9.0,5.68,6.88,4.22,0.86,3.08,12.5,-0.97138464,0.099723876,0.96543455,0.10607633,0.9298158,-0.16369441,0.48347554,3.6156933307647705
108.97,34.43,陕西,西安,泾河,10.0,0.29,9.01,5.67,6.88,4.0,0.72,3.71,15.17,-0.6179179,0.0059949458,1.2340883,0.0072950395,1.0186416,-0.32083625,0.47189587,3.721762180328369
108.97,34.43,陕西,西安,泾河,11.0,0.32,9.02,5.64,6.88,4.25,0.52,4.37,17.61,-0.35729477,-0.040216565,1.5421557,0.03817218,1.0783031,-0.40542057,0.5491278,3.940481424331665
108.97,34.43,陕西,西安,泾河,12.0,0.35,9.03,5.62,6.89,3.82,0.76,4.56,18.16,-0.122007936,-0.05620642,1.845656,0.071869195,1.1050819,-0.46260753,0.6903139,4.540609836578369
109.73,34.52,陕西,渭南,华县,1.0,-0.9,7.42,5.61,6.89,4.3,0.76,4.84,14.61,-1.7521163,-0.08630489,0.8442235,0.03528608,0.7794302,0.77848494,-0.06447035,4.7982258796691895
109.73,34.52,陕西,渭南,华县,2.0,-0.91,7.42,5.62,6.89,4.0,0.61,4.39,13.18,-1.7570139,-0.10785255,0.89650357,0.061181065,0.7463958,0.7051027,-0.12010571,4.456269264221191
109.73,34.52,陕西,渭南,华县,3.0,-0.92,7.43,5.66,6.88,4.19,0.79,4.43,13.44,-1.7333325,-0.10377617,0.94994795,0.07443708,0.69428146,0.5791793,-0.14612386,4.100953578948975
109.73,34.52,陕西,渭南,华县,4.0,-0.93,7.43,5.67,6.88,4.18,0.93,3.91,11.75,-1.7165276,-0.121724695,0.96609855,0.055495556,0.66771305,0.48634976,-0.13713118,3.8149900436401367
109.73,34.52,陕西,渭南,华县,5.0,-0.94,7.44,5.69,6.88,4.22,0.88,3.63,11.03,-1.6663853,-0.13017151,0.93541634,0.017812844,0.6423234,0.45039603,-0.12367219,3.6544814109802246
109.73,34.52,陕西,渭南,华县,6.0,-0.96,7.45,5.7,6.87,4.11,0.73,3.51,10.46,-1.6746243,-0.13583747,0.8615284,-0.019620601,0.6310944,0.4114788,-0.093224555,3.4632840156555176
109.73,34.52,陕西,渭南,华县,7.0,-0.97,7.45,5.71,6.87,4.4,0.77,3.44,10.16,-1.7465607,-0.1477479,0.8458668,-0.039250795,0.6349683,0.38479832,-0.068579346,3.473909854888916
109.73,34.52,陕西,渭南,华县,8.0,-0.98,7.46,5.71,6.87,4.28,0.72,3.55,10.54,-1.8612893,-0.1740062,0.79008305,-0.10693127,0.661833,0.3856167,-0.034442723,3.4920260906219482
109.73,34.52,陕西,渭南,华县,9.0,-0.99,7.46,5.68,6.88,4.34,0.46,3.24,9.65,-1.1994668,-0.15146491,0.194231,0.07923636,0.48108417,0.710078,-0.31961024,3.2400755882263184
109.73,34.52,陕西,渭南,华县,10.0,-1.0,7.47,5.66,6.89,4.17,0.45,3.78,11.45,-2.1502078,-0.28482795,0.75407445,-0.21621731,0.76813054,0.44241017,-0.07670966,3.904815196990967
109.73,34.52,陕西,渭南,华县,11.0,-1.01,7.47,5.64,6.89,4.38,0.29,4.38,13.23,-2.2856016,-0.35094148,0.7436708,-0.22079405,0.8126943,0.5425379,-0.1292507,4.365564823150635
109.73,34.52,陕西,渭南,华县,12.0,-1.02,7.48,5.61,6.9,4.0,0.41,4.51,13.55,-2.3536065,-0.36969742,0.7714236,-0.21553475,0.8482378,0.6170672,-0.1286023,4.550539970397949
110.08,34.55,陕西,渭南,华阴,1.0,-0.9,7.42,5.61,6.89,4.23,1.04,4.84,14.44,-2.810973,-0.36053666,0.72412276,-0.62411237,1.446724,0.05776456,0.07092619,4.826538562774658
110.08,34.55,陕西,渭南,华阴,2.0,-0.91,7.42,5.62,6.89,3.93,0.87,4.39,13.13,-2.6115541,-0.35212883,0.64006186,-0.5854082,1.333401,0.08331233,0.08827403,4.5009989738464355
110.08,34.55,陕西,渭南,华阴,3.0,-0.92,7.43,5.66,6.88,4.07,1.46,4.43,12.81,-2.301639,-0.3515373,0.60015106,-0.5274637,1.20053,0.122041374,0.1133973,4.291315078735352
110.08,34.55,陕西,渭南,华阴,4.0,-0.93,7.43,5.67,6.88,4.12,1.23,3.91,10.93,-2.0085042,-0.39034548,0.4705127,-0.51716316,1.0333371,0.22701693,0.107797444,3.9744598865509033
110.08,34.55,陕西,渭南,华阴,5.0,-0.94,7.44,5.69,6.87,4.11,1.21,3.63,10.39,-1.8738781,-0.28713337,0.40094984,-0.4601843,0.95393205,0.24263431,0.12655431,3.6923675537109375
110.08,34.55,陕西,渭南,华阴,6.0,-0.96,7.45,5.7,6.87,4.01,1.11,3.51,10.33,-1.803361,-0.22563723,0.40830678,-0.46143314,0.8805701,0.25386548,0.09213126,3.426077365875244
110.08,34.55,陕西,渭南,华阴,7.0,-0.97,7.45,5.71,6.87,4.26,1.36,3.44,10.42,-1.7933772,-0.2087507,0.43861726,-0.51548004,0.83849615,0.27675694,0.042785853,3.3621485233306885
110.08,34.55,陕西,渭南,华阴,8.0,-0.98,7.46,5.71,6.87,4.15,1.35,3.55,10.71,-1.7954195,-0.18237796,0.40843716,-0.5920697,0.79911697,0.367646,0.02338028,3.3570268154144287
110.08,34.55,陕西,渭南,华阴,9.0,-0.99,7.46,5.68,6.88,4.27,0.86,3.24,9.68,-1.890403,-0.18861178,0.3730082,-0.6981848,0.76878107,0.46705946,-0.011240989,3.4436404705047607
110.08,34.55,陕西,渭南,华阴,10.0,-1.0,7.47,5.66,6.89,4.1,0.68,3.78,11.12,-2.1449234,-0.28825435,0.47704116,-0.71210045,0.8043287,0.50686955,-0.0613195,3.7235167026519775
110.08,34.55,陕西,渭南,华阴,11.0,-1.01,7.47,5.64,6.89,4.3,0.48,4.38,12.84,-2.3828983,-0.45840815,0.50927305,-0.73672926,0.8795007,0.54928154,-0.14785299,4.21476411819458
110.08,34.55,陕西,渭南,华阴,12.0,-1.02,7.48,5.61,6.9,3.93,0.4,4.51,13.41,-2.676427,-0.6054741,0.5859623,-0.7756909,0.9572643,0.59391475,-0.2989058,4.54302978515625
110.15,35.23,陕西,渭南,合阳,1.0,-0.9,7.42,5.6,6.85,4.06,0.22,4.8,9.73,-2.2556057,-0.38859728,0.2521769,-0.38273448,1.2353362,0.43249476,0.107715145,4.731258392333984
110.15,35.23,陕西,渭南,合阳,2.0,-0.91,7.42,5.62,6.85,3.68,0.2,4.37,8.85,-1.9843141,-0.40320578,0.7431358,-0.12419501,0.992889,0.19896889,-0.013987899,3.9983763694763184
110.15,35.23,陕西,渭南,合阳,3.0,-0.92,7.43,5.65,6.84,3.95,0.45,4.19,7.97,-1.9379956,0.0025192797,0.6833085,-0.16667333,0.9789776,0.40212327,0.07800251,4.130411624908447
110.15,35.23,陕西,渭南,合阳,4.0,-0.93,7.43,5.67,6.83,3.95,0.42,3.51,7.09,-1.7207235,-0.39056697,0.81979764,-0.06599417,0.88726354,0.051611632,-0.08085349,3.4672374725341797
110.15,35.23,陕西,渭南,合阳,5.0,-0.94,7.44,5.68,6.84,4.02,0.4,3.38,6.21,-1.7107699,-0.37399068,0.3436144,-0.31104985,1.006819,0.116514,0.0068300664,3.4696686267852783
110.15,35.23,陕西,渭南,合阳,6.0,-0.96,7.45,5.7,6.83,3.95,0.32,3.41,5.33,-1.7354612,-0.25576615,0.3716143,-0.29432067,1.0421699,0.08621514,0.039792567,3.449227809906006
110.15,35.23,陕西,渭南,合阳,7.0,-0.97,7.45,5.7,6.83,4.27,0.52,3.49,4.45000000000001,-1.7724458,-0.25732902,0.42405903,-0.30980736,1.051868,0.048107326,0.017292678,3.439689874649048
110.15,35.23,陕西,渭南,合阳,8.0,-0.98,7.46,5.71,6.83,4.14,0.46,3.58,3.57000000000001,-1.8498496,-0.28419158,0.41821215,-0.36100575,1.0940641,0.01759401,0.002228558,3.4716477394104004
110.15,35.23,陕西,渭南,合阳,9.0,-0.99,7.46,5.68,6.84,4.15,-0.03,3.22,2.69000000000001,-1.9997859,-0.34474495,0.41591004,-0.44315705,1.1403918,0.01535362,-0.0425584,3.612506628036499
110.15,35.23,陕西,渭南,合阳,10.0,-1.0,7.47,5.66,6.84,3.82,-0.11,3.67,1.81000000000001,-2.133094,-0.38574424,0.38167867,-0.5220897,1.1792225,0.07164107,-0.073209375,3.817655086517334
110.15,35.23,陕西,渭南,合阳,11.0,-1.01,7.47,5.64,6.85,4.11,-0.44,4.23,0.930000000000009,-2.2540808,-0.47791335,0.35969177,-0.55799925,1.2263795,0.13552323,-0.10067642,4.182009220123291
110.15,35.23,陕西,渭南,合阳,12.0,-1.02,7.48,5.61,6.85,3.62,-0.2,4.45,0.0500000000000105,-2.3773835,-0.5423027,0.33794782,-0.5720967,1.2732209,0.22075787,-0.12439987,4.459292888641357
109.97,34.8,陕西,渭南,大荔,1.0,-0.9,7.42,5.6,6.89,4.24,0.96,4.8,24.14,-2.0021255,-0.25510207,0.60994256,-0.08157502,0.9568091,0.6039886,0.15493521,4.8689141273498535
109.97,34.8,陕西,渭南,大荔,2.0,-0.91,7.42,5.62,6.89,3.9,0.96,4.37,21.89,-1.8919302,-0.20707011,0.579196,-0.073614344,0.87323695,0.56041074,0.13711363,4.355669021606445
109.97,34.8,陕西,渭南,大荔,3.0,-0.92,7.43,5.66,6.88,4.09,1.02,4.19,21.67,-1.7666965,-0.14690277,0.61377424,-0.047877062,0.7985784,0.47287855,0.13165197,4.007297039031982
109.97,34.8,陕西,渭南,大荔,4.0,-0.93,7.43,5.67,6.88,4.09,1.25,3.51,18.7,-1.6879979,-0.14031145,0.5919676,-0.061601404,0.7606547,0.39832014,0.13661352,3.7337098121643066
109.97,34.8,陕西,渭南,大荔,5.0,-0.94,7.44,5.69,6.87,4.14,1.14,3.38,17.67,-1.6230526,-0.1560395,0.60081947,-0.061561394,0.75918406,0.31678915,0.107785076,3.5298967361450195
109.97,34.8,陕西,渭南,大荔,6.0,-0.96,7.45,5.7,6.87,4.13,1.01,3.41,17.31,-1.6260961,-0.20494124,0.68964815,-0.07745272,0.76743853,0.2257826,0.019912183,3.3652141094207764
109.97,34.8,陕西,渭南,大荔,7.0,-0.97,7.45,5.71,6.87,4.32,1.18,3.49,17.25,-1.7286764,-0.28960916,0.7947583,-0.14223877,0.8094406,0.15067548,-0.0804638,3.359243631362915
109.97,34.8,陕西,渭南,大荔,8.0,-0.98,7.46,5.71,6.87,4.21,0.96,3.58,17.73,-1.9146556,-0.39631656,0.80737793,-0.29602113,0.84800696,0.1404221,-0.22982562,3.3634374141693115
109.97,34.8,陕西,渭南,大荔,9.0,-0.99,7.46,5.68,6.88,4.29,0.96,3.22,16.1,-2.124636,-0.5088705,0.8357221,-0.48055038,0.8829411,0.13027026,-0.38351613,3.367302179336548
109.97,34.8,陕西,渭南,大荔,10.0,-1.0,7.47,5.66,6.88,4.1,0.81,3.67,18.68,-2.2862806,-0.5872278,0.8983607,-0.63269985,0.92112815,0.1753914,-0.4672227,3.6206846237182617
109.97,34.8,陕西,渭南,大荔,11.0,-1.01,7.47,5.64,6.89,4.29,0.65,4.23,21.65,-2.4848547,-0.7029953,0.9502897,-0.73638046,0.978603,0.27811298,-0.6031088,4.141399383544922
109.97,34.8,陕西,渭南,大荔,12.0,-1.02,7.48,5.61,6.9,3.89,0.63,4.45,22.42,-2.6993256,-0.79425514,1.0126772,-0.84962076,1.0340748,0.4028503,-0.6973867,4.562611103057861
109.18,34.78,陕西,渭南,富平,1.0,-0.9,7.42,5.6,6.88,4.25,0.82,4.93,19.25,-1.1506356,0.11676142,1.2397841,0.51243484,0.5707838,0.8026681,0.36437377,4.931388854980469
109.18,34.78,陕西,渭南,富平,2.0,-0.91,7.42,5.62,6.88,3.96,0.82,4.48,17.67,-1.0506444,0.08448111,1.0967705,0.4366664,0.5792556,0.70087254,0.3555817,4.461345195770264
109.18,34.78,陕西,渭南,富平,3.0,-0.92,7.43,5.65,6.87,4.12,1.06,4.28,18.0,-1.0804108,0.005941674,0.9709544,0.375284,0.6256336,0.55252576,0.30312133,4.251606464385986
109.18,34.78,陕西,渭南,富平,4.0,-0.93,7.43,5.67,6.87,4.15,1.07,3.82,15.7,-1.2509445,-0.012701333,0.8975475,0.39763287,0.68153214,0.34851784,0.26337647,3.8513245582580566
109.18,34.78,陕西,渭南,富平,5.0,-0.94,7.44,5.68,6.86,4.15,1.0,3.66,14.95,-1.332443,-0.0726738,0.86836815,0.3939265,0.69961464,0.25390458,0.2573011,3.6686413288116455
109.18,34.78,陕西,渭南,富平,6.0,-0.96,7.45,5.7,6.86,4.04,0.94,3.55,13.96,-1.2949978,-0.13188788,0.834007,0.32717052,0.7249224,0.1961616,0.29584226,3.6021976470947266
109.18,34.78,陕西,渭南,富平,7.0,-0.97,7.45,5.71,6.86,4.26,1.18,3.46,13.78,-1.3050494,-0.14740092,0.8523874,0.29167795,0.71358865,0.1301534,0.25681043,3.47268009185791
109.18,34.78,陕西,渭南,富平,8.0,-0.98,7.46,5.71,6.86,4.16,0.97,3.61,14.2,-1.3710458,-0.18166494,0.8558388,0.2590696,0.76146793,0.11725123,0.2076331,3.501307487487793
109.18,34.78,陕西,渭南,富平,9.0,-0.99,7.46,5.68,6.87,4.25,0.81,3.18,12.75,-1.6176265,0.18910472,0.91221,0.3057464,0.6155828,-0.030082181,0.39509934,2.6241421699523926
109.18,34.78,陕西,渭南,富平,10.0,-1.0,7.47,5.66,6.87,4.04,0.76,3.93,15.04,-1.5040065,-0.12500986,0.9431009,0.29428887,0.8687712,0.115903124,0.26062948,3.835432529449463
109.18,34.78,陕西,渭南,富平,11.0,-1.01,7.47,5.64,6.88,4.26,0.4,4.25,17.33,-1.5317451,-0.12564525,1.0588614,0.33486614,0.9301096,0.17464004,0.25216314,4.204405784606934
109.18,34.78,陕西,渭南,富平,12.0,-1.02,7.48,5.61,6.88,3.91,0.45,4.4,17.81,-1.4425184,-0.091616675,1.1657717,0.330512,0.9323787,0.28734913,0.31962383,4.536245346069336
109.48,34.52,陕西,渭南,渭南,1.0,-0.9,7.42,5.6,6.86,4.19,0.72,4.86,29.21,-1.6321521,-0.16884324,0.87247705,0.22060768,0.8823086,0.63408816,0.016474709,4.880626201629639
109.48,34.52,陕西,渭南,渭南,2.0,-0.91,7.42,5.62,6.85,3.86,0.76,4.37,26.44,-1.600834,-0.19319457,0.88394785,0.23572019,0.8620867,0.54296494,-0.019905359,4.514181613922119
109.48,34.52,陕西,渭南,渭南,3.0,-0.92,7.43,5.65,6.85,4.1,0.8,4.43,26.46,-1.5800928,-0.19119039,0.98158836,0.29009312,0.8183078,0.44882545,-0.089354664,4.307736873626709
109.48,34.52,陕西,渭南,渭南,4.0,-0.93,7.43,5.67,6.84,4.04,0.98,3.86,23.03,-1.5829743,-0.2109741,1.036445,0.33015707,0.7875042,0.3295322,-0.17191714,3.926880121231079
109.48,34.52,陕西,渭南,渭南,5.0,-0.94,7.44,5.68,6.84,4.11,0.83,3.65,21.62,-1.6086744,-0.24107155,1.014842,0.28634095,0.7586999,0.26317167,-0.20501405,3.692770481109619
109.48,34.52,陕西,渭南,渭南,6.0,-0.96,7.45,5.7,6.82,4.05,0.8,3.47,20.76,-1.6057515,-0.2547532,0.9814209,0.23389745,0.7346921,0.20705512,-0.1806956,3.4708051681518555
109.48,34.52,陕西,渭南,渭南,7.0,-0.97,7.45,5.7,6.83,4.32,0.6,3.39,20.43,-1.6250907,-0.24151388,0.9587766,0.18837366,0.7133624,0.17317344,-0.13432303,3.3719980716705322
109.48,34.52,陕西,渭南,渭南,8.0,-0.98,7.46,5.71,6.84,4.19,0.44,3.47,21.24,-1.6796027,-0.23048559,0.94084036,0.17463058,0.73135644,0.14023131,-0.09372386,3.3382675647735596
109.48,34.52,陕西,渭南,渭南,9.0,-0.99,7.46,5.68,6.85,4.25,0.29,3.18,19.12,-1.7850151,-0.22477299,0.9411379,0.16835931,0.76115656,0.09644869,-0.1009247,3.324134588241577
109.48,34.52,陕西,渭南,渭南,10.0,-1.0,7.47,5.66,6.85,4.0,0.29,3.78,22.77,-1.8453269,-0.28411552,0.90058756,0.0988054,0.82002234,0.19744304,-0.044679552,3.7031893730163574
109.48,34.52,陕西,渭南,渭南,11.0,-1.01,7.47,5.64,6.86,4.24,0.34,4.43,25.99,-1.755107,-0.3431023,0.89607084,-0.03387015,0.82640165,0.37822428,-0.02425325,4.194134712219238
109.48,34.52,陕西,渭南,渭南,12.0,-1.02,7.48,5.61,6.86,3.9,0.46,4.5,26.99,-1.6414095,-0.39626834,0.95824504,-0.14686126,0.8275809,0.55897236,-0.04085788,4.584926605224609
110.23,34.55,陕西,渭南,潼关,1.0,-0.9,7.42,5.6,6.87,4.16,1.25,4.8,4.84,-3.1139326,-0.53898036,0.3474327,-0.17500135,1.3707825,0.4550618,-0.5790774,4.797391891479492
110.23,34.55,陕西,渭南,潼关,2.0,-0.91,7.42,5.62,6.87,3.78,1.17,4.37,4.39,-2.8982732,-0.48903468,0.2995272,-0.20852217,1.2941589,0.39654562,-0.46881557,4.429223537445068
110.23,34.55,陕西,渭南,潼关,3.0,-0.92,7.43,5.66,6.86,4.02,1.43,4.19,4.43,-2.6596298,-0.42932078,0.32769045,-0.2500374,1.1939521,0.32808164,-0.33863252,4.0787882804870605
110.23,34.55,陕西,渭南,潼关,4.0,-0.93,7.43,5.67,6.85,4.0,1.42,3.51,3.91,-2.3963337,-0.4068466,0.32922563,-0.31455362,1.066331,0.22212902,-0.24970394,3.5593576431274414
110.23,34.55,陕西,渭南,潼关,5.0,-0.94,7.44,5.68,6.84,4.02,1.54,3.38,3.63,-2.2220328,-0.3599054,0.2872456,-0.4097992,0.9882581,0.24384066,-0.17408633,3.369702100753784
110.23,34.55,陕西,渭南,潼关,6.0,-0.96,7.45,5.7,6.85,3.98,1.46,3.41,3.51,-2.117418,-0.29502657,0.2856743,-0.4853119,0.9231267,0.3093509,-0.103882164,3.3674545288085938
110.23,34.55,陕西,渭南,潼关,7.0,-0.97,7.45,5.7,6.84,4.29,1.58,3.49,3.44,-2.0096476,-0.22000393,0.32868934,-0.58564603,0.87230265,0.3742807,-0.067053616,3.43013072013855
110.23,34.55,陕西,渭南,潼关,8.0,-0.98,7.46,5.71,6.85,4.17,1.5,3.58,3.55,-1.9947543,-0.18342805,0.34375837,-0.6944492,0.8632983,0.42157844,-0.034875453,3.492277145385742
110.23,34.55,陕西,渭南,潼关,9.0,-0.99,7.46,5.68,6.86,4.23,1.3,3.22,3.24,-2.190452,-0.29562706,0.29388428,-0.7568808,0.9275521,0.3822904,-0.06506431,3.581021785736084
110.23,34.55,陕西,渭南,潼关,10.0,-1.0,7.47,5.66,6.86,3.88,1.24,3.67,3.78,-2.3961434,-0.40447846,0.21051297,-0.782147,0.9951545,0.41964462,-0.10885981,3.727886915206909
110.23,34.55,陕西,渭南,潼关,11.0,-1.01,7.47,5.64,6.86,4.19,1.01,4.23,4.38,-2.6600895,-0.56544876,0.1718713,-0.7673708,1.0716636,0.47872528,-0.23499572,4.156851291656494
110.23,34.55,陕西,渭南,潼关,12.0,-1.02,7.48,5.61,6.87,3.82,1.07,4.45,4.51,-2.854825,-0.66666317,0.15297386,-0.7045127,1.141989,0.5339954,-0.3188177,4.370154857635498
109.92,35.18,陕西,渭南,澄城,1.0,-0.9,7.42,5.6,6.85,4.14,0.88,4.8,19.37,-1.9969751,-0.3160233,0.6180494,0.039581712,1.0688074,0.38376436,0.20880803,4.730417728424072
109.92,35.18,陕西,渭南,澄城,2.0,-0.91,7.42,5.62,6.85,3.78,0.95,4.37,17.61,-1.9413048,-0.28701335,0.5766427,0.08711836,1.0241505,0.31339803,0.1917566,4.338271141052246
109.92,35.18,陕西,渭南,澄城,3.0,-0.92,7.43,5.65,6.84,4.03,1.11,4.19,17.09,-1.856846,-0.27657107,0.60098016,0.1470877,0.99459213,0.20256725,0.15167409,4.071856498718262
109.92,35.18,陕西,渭南,澄城,4.0,-0.93,7.43,5.67,6.84,4.02,1.27,3.51,14.75,-1.7994357,-0.25354004,0.6216277,0.16553265,0.94802845,0.0990887,0.09127733,3.674276351928711
109.92,35.18,陕西,渭南,澄城,5.0,-0.94,7.44,5.68,6.84,4.06,1.21,3.38,14.05,-1.7587385,-0.2258023,0.5819549,0.15497378,0.9155997,0.08567643,0.07475254,3.479983329772949
109.92,35.18,陕西,渭南,澄城,6.0,-0.96,7.45,5.7,6.83,3.99,1.12,3.41,13.88,-1.8106073,-0.19076815,0.5865919,0.1530078,0.90721357,0.07306436,0.048529446,3.371246337890625
109.92,35.18,陕西,渭南,澄城,7.0,-0.97,7.45,5.7,6.83,4.3,1.42,3.49,13.88,-1.8423449,-0.18164024,0.65223324,0.17957106,0.9118487,0.03901413,0.03835535,3.374965190887451
109.92,35.18,陕西,渭南,澄城,8.0,-0.98,7.46,5.71,6.84,4.2,1.21,3.58,14.32,-1.923612,-0.1938076,0.73859835,0.20653996,0.94686127,-0.014177948,0.027326196,3.423576831817627
109.92,35.18,陕西,渭南,澄城,9.0,-0.99,7.46,5.68,6.84,4.24,1.1,3.22,12.86,-1.9886063,-0.22834554,0.8877393,0.24519178,0.9722271,-0.10412794,0.00934267,3.429081439971924
109.92,35.18,陕西,渭南,澄城,10.0,-1.0,7.47,5.66,6.85,3.95,1.08,3.67,15.05,-2.0775924,-0.25705355,0.9619231,0.25461516,1.0071433,-0.10809621,0.018477619,3.6368603706359863
109.92,35.18,陕西,渭南,澄城,11.0,-1.01,7.47,5.63,6.85,4.17,0.69,4.23,17.09,-2.169187,-0.32921758,1.002228,0.27860138,1.0604713,-0.09515032,0.0292117,3.89957332611084
109.92,35.18,陕西,渭南,澄城,12.0,-1.02,7.48,5.61,6.85,3.73,0.7,4.45,17.81,-2.26608,-0.36550364,1.064837,0.3297967,1.1184703,-0.07938364,0.07026842,4.2428154945373535
109.58,35.18,陕西,渭南,白水,1.0,-0.9,7.42,5.6,6.84,4.12,0.94,4.93,14.12,-1.6982048,-0.37002113,0.9927386,0.44142923,1.0030211,0.33171988,0.074659556,4.837637424468994
109.58,35.18,陕西,渭南,白水,2.0,-0.91,7.42,5.62,6.83,3.84,1.18,4.48,12.96,-1.6105232,-0.2998898,0.94561887,0.4714858,0.9267362,0.32262903,0.119887054,4.534409999847412
109.58,35.18,陕西,渭南,白水,3.0,-0.92,7.43,5.65,6.83,4.08,1.12,4.28,12.97,-1.6045598,-0.31881028,0.9026649,0.42780617,0.88465554,0.25457382,0.0890584,4.233844757080078
109.58,35.18,陕西,渭南,白水,4.0,-0.93,7.43,5.66,6.82,4.03,1.16,3.82,11.27,-1.6242737,-0.362232,0.8696327,0.41402715,0.8789635,0.1290946,0.043207288,3.876856803894043
109.58,35.18,陕西,渭南,白水,5.0,-0.94,7.44,5.68,6.82,4.07,1.1,3.66,10.71,-1.6157324,-0.39382276,0.8289449,0.40060675,0.87952036,0.05450292,-0.007267803,3.6468098163604736
109.58,35.18,陕西,渭南,白水,6.0,-0.96,7.45,5.69,6.82,4.05,1.08,3.55,10.31,-1.6380206,-0.39040425,0.83280015,0.37434098,0.87346697,0.025681853,-0.0705072,3.5051279067993164
109.58,35.18,陕西,渭南,白水,7.0,-0.97,7.45,5.7,6.82,4.33,0.94,3.46,10.37,-1.7284265,-0.42450705,0.8448936,0.3492711,0.8925035,0.034986675,-0.15640835,3.553084135055542
109.58,35.18,陕西,渭南,白水,8.0,-0.98,7.46,5.7,6.82,4.21,1.0,3.61,10.67,-1.8429657,-0.45535162,0.8811698,0.3364305,0.9368461,0.0135264695,-0.20828962,3.6222076416015625
109.58,35.18,陕西,渭南,白水,9.0,-0.99,7.46,5.68,6.83,4.21,0.97,3.18,9.58,-2.0118537,-0.33249485,0.8128203,0.26034588,0.9038561,-0.07055214,-0.12768728,3.220508337020874
109.58,35.18,陕西,渭南,白水,10.0,-1.0,7.47,5.65,6.83,3.95,1.13,3.93,11.11,-2.1076024,-0.5169437,0.9949255,0.38973263,1.0495611,-0.02735573,-0.2692309,3.92818021774292
109.58,35.18,陕西,渭南,白水,11.0,-1.01,7.47,5.63,6.84,4.14,0.96,4.25,12.77,-2.1967857,-0.55904925,1.0244485,0.43270686,1.0827476,0.03624654,-0.30549213,4.2529802322387695
109.58,35.18,陕西,渭南,白水,12.0,-1.02,7.48,5.61,6.84,3.64,0.9,4.4,13.14,-2.2811875,-0.58920014,1.0534059,0.45735434,1.1221462,0.08522004,-0.29896504,4.532410621643066
110.08,34.48,陕西,渭南,华山,1.0,-0.9,7.42,5.58,6.68,4.07,1.64,4.84,,-2.4474971,-0.070436925,0.92065585,-0.32905513,1.0883781,0.64645946,-0.1786353,4.8722686767578125
110.08,34.48,陕西,渭南,华山,2.0,-0.91,7.42,5.6,6.68,3.86,1.7,4.39,,-2.1490195,-0.08241822,0.70344615,-0.4192892,1.012161,0.7228199,-0.19097161,4.526830673217773
110.08,34.48,陕西,渭南,华山,3.0,-0.92,7.43,5.63,6.68,4.06,1.47,4.43,,-1.9334928,-0.038208976,0.6033151,-0.44367978,0.8810223,0.74081075,-0.08019823,4.346676349639893
110.08,34.48,陕西,渭南,华山,4.0,-0.93,7.43,5.64,6.68,4.06,1.53,3.91,,-1.794058,-0.019964531,0.5223341,-0.501463,0.7742658,0.71231806,-0.03995365,3.9393208026885986
110.08,34.48,陕西,渭南,华山,5.0,-0.94,7.44,5.66,6.68,4.17,1.53,3.63,,-1.6375856,0.012235433,0.4674762,-0.50008553,0.7069963,0.6395397,0.031637788,3.654423713684082
110.08,34.48,陕西,渭南,华山,6.0,-0.96,7.45,5.67,6.67,4.13,1.28,3.51,,-1.5787224,0.029888451,0.4211086,-0.5258314,0.6500459,0.6172974,0.041210294,3.3734493255615234
110.08,34.48,陕西,渭南,华山,7.0,-0.97,7.45,5.68,6.67,4.39,1.36,3.44,,-1.636571,-0.007401973,0.523867,-0.5253013,0.68315077,0.5409756,-0.0039513707,3.4326531887054443
110.08,34.48,陕西,渭南,华山,8.0,-0.98,7.46,5.68,6.68,4.34,0.95,3.55,,-1.7555727,-0.053620517,0.5906588,-0.5383953,0.7359823,0.47336894,-0.042058498,3.4537744522094727
110.08,34.48,陕西,渭南,华山,9.0,-0.99,7.46,5.65,6.68,4.3,1.36,3.24,,-1.917338,-0.13237083,0.6682757,-0.57224786,0.7889761,0.41974226,-0.10634616,3.4812369346618652
110.08,34.48,陕西,渭南,华山,10.0,-1.0,7.47,5.63,6.68,4.03,1.47,3.78,,-2.166141,-0.25626153,0.783942,-0.59413266,0.87348783,0.4143804,-0.18020445,3.7169547080993652
110.08,34.48,陕西,渭南,华山,11.0,-1.01,7.47,5.62,6.68,4.11,0.8,4.38,,-2.3838906,-0.38977352,0.8334402,-0.6038074,0.96366566,0.472098,-0.27215976,4.29094934463501
110.08,34.48,陕西,渭南,华山,12.0,-1.02,7.48,5.59,6.68,4.13,0.09,4.51,,-2.593349,-0.49508634,0.8854724,-0.6044227,1.0533342,0.5377024,-0.34103796,4.972711563110352
109.58,34.95,陕西,渭南,蒲城,1.0,-0.9,7.42,5.6,6.89,4.3,0.58,4.84,24.32,-1.633782,-0.24181694,1.0466741,0.44562852,0.93892884,0.43664923,0.08315644,4.915789604187012
109.58,34.95,陕西,渭南,蒲城,2.0,-0.91,7.42,5.7,6.89,3.99,0.69,4.39,22.07,-1.6095587,-0.24374837,1.0627916,0.4781497,0.8892818,0.37291616,0.070337385,4.587207317352295
109.58,34.95,陕西,渭南,蒲城,3.0,-0.92,7.43,5.65,6.88,4.16,0.86,4.43,21.37,-1.6008809,-0.269891,1.0530716,0.44894868,0.8355059,0.2787904,0.05080065,4.244319438934326
109.58,34.95,陕西,渭南,蒲城,4.0,-0.93,7.43,5.67,6.88,4.18,0.88,3.91,18.52,-1.6399704,-0.32266364,0.98812246,0.43325797,0.8273459,0.14410695,0.03093633,3.8656005859375
109.58,34.95,陕西,渭南,蒲城,5.0,-0.94,7.44,5.69,6.87,4.18,0.7,3.63,17.73,-1.6866825,-0.37011728,0.9235574,0.4127502,0.8203906,0.054547116,0.006581992,3.582390308380127
109.58,34.95,陕西,渭南,蒲城,6.0,-0.96,7.45,5.7,6.87,4.07,0.73,3.51,17.39,-1.7073916,-0.38135555,0.90689325,0.36241084,0.80308366,0.041093983,-0.04059151,3.4536452293395996
109.58,34.95,陕西,渭南,蒲城,7.0,-0.97,7.45,5.71,6.87,4.28,0.92,3.44,17.29,-1.7808279,-0.40376678,0.909729,0.34110343,0.8191318,0.04474692,-0.11138368,3.463838815689087
109.58,34.95,陕西,渭南,蒲城,8.0,-0.98,7.46,5.71,6.87,4.2,0.77,3.55,17.85,-1.898759,-0.44403192,0.918067,0.33456463,0.8599423,0.037918225,-0.17684439,3.565931558609009
109.58,34.95,陕西,渭南,蒲城,9.0,-0.99,7.46,5.68,6.88,4.25,0.76,3.24,15.98,-2.096986,-0.317185,0.92924726,0.22599697,0.8283687,-0.015992552,-0.23055387,3.1932477951049805
109.58,34.95,陕西,渭南,蒲城,10.0,-1.0,7.47,5.66,6.88,4.11,0.69,3.78,18.98,-2.1243532,-0.48621246,1.0026577,0.37743124,0.96230596,0.005254194,-0.23519641,3.875502824783325
109.58,34.95,陕西,渭南,蒲城,11.0,-1.01,7.47,5.64,6.89,4.29,0.52,4.38,21.39,-2.2438369,-0.5520326,1.0066243,0.36483446,0.9832651,0.11090879,-0.27556348,4.259779930114746
109.58,34.95,陕西,渭南,蒲城,12.0,-1.02,7.48,5.61,6.89,3.91,0.67,4.51,22.2,-2.3313003,-0.59696484,1.0424854,0.36931044,0.9943943,0.20282675,-0.30476013,4.49022912979126
110.45,35.47,陕西,渭南,韩城,1.0,-0.9,7.42,5.6,6.88,4.09,0.65,4.8,4.8,-2.3630013,-0.44157442,0.61688256,-0.40951094,1.2945969,0.24745718,-0.04135737,4.7961745262146
110.45,35.47,陕西,渭南,韩城,2.0,-0.91,7.42,5.62,6.88,3.64,0.92,4.37,4.37,-2.2187257,-0.3781636,0.6536714,-0.3552138,1.2006205,0.23043534,-0.060525537,4.426671981811523
110.45,35.47,陕西,渭南,韩城,3.0,-0.92,7.43,5.66,6.87,3.95,0.97,4.19,4.19,-1.9833539,-0.31590444,0.74871624,-0.2836477,1.1268072,0.11262244,-0.058579087,4.068734645843506
110.45,35.47,陕西,渭南,韩城,4.0,-0.93,7.43,5.67,6.87,4.01,0.96,3.51,3.51,-1.8191422,-0.32597196,0.7930807,-0.28062388,1.1017286,-0.0025378466,-0.06860632,3.7894577980041504
110.45,35.47,陕西,渭南,韩城,5.0,-0.94,7.44,5.68,6.86,4.09,0.88,3.38,3.38,-1.6760955,-0.34278557,0.8435812,-0.28120658,1.0872556,-0.11938539,-0.07996294,3.5354044437408447
110.45,35.47,陕西,渭南,韩城,6.0,-0.96,7.45,5.7,6.86,4.03,0.79,3.41,3.41,-1.6095642,-0.34653035,0.8697269,-0.27819934,1.0928072,-0.18883827,-0.071912676,3.442986488342285
110.45,35.47,陕西,渭南,韩城,7.0,-0.97,7.45,5.7,6.86,4.34,0.53,3.49,3.49,-1.5860324,-0.36094394,0.89903414,-0.29933134,1.116691,-0.24763289,-0.056725323,3.3869829177856445
110.45,35.47,陕西,渭南,韩城,8.0,-0.98,7.46,5.71,6.86,4.22,0.56,3.58,3.58,-1.611054,-0.37946776,0.8946481,-0.34999183,1.1551261,-0.2841246,-0.04690087,3.4223451614379883
110.45,35.47,陕西,渭南,韩城,9.0,-0.99,7.46,5.68,6.87,4.24,0.45,3.22,3.22,-1.6536475,-0.41428348,0.8987061,-0.39744803,1.2061499,-0.32256564,-0.052287072,3.491791248321533
110.45,35.47,陕西,渭南,韩城,10.0,-1.0,7.47,5.66,6.87,3.98,0.66,3.67,3.67,-1.7809078,-0.45605633,0.82806873,-0.48876294,1.2601539,-0.2352862,-0.08301607,3.7992403507232666
110.45,35.47,陕西,渭南,韩城,11.0,-1.01,7.47,5.64,6.88,4.15,0.46,4.23,4.23,-1.8902769,-0.52966034,0.7600044,-0.5653823,1.3011127,-0.15673438,-0.12895826,4.046957492828369
110.45,35.47,陕西,渭南,韩城,12.0,-1.02,7.48,5.61,6.88,3.62,0.69,4.45,4.45,-2.0305765,-0.6039165,0.705582,-0.6240792,1.3540318,-0.09212285,-0.1674271,4.317688465118408
109.07,35.43,陕西,铜川,宜君,1.0,-1.57,5.85,5.59,6.76,4.01,1.19,4.48,13.92,-0.57851183,-0.7361641,0.69393814,-0.24579641,0.59426427,0.8121706,-0.19226986,4.553289890289307
109.07,35.43,陕西,铜川,宜君,2.0,-1.61,5.84,5.61,6.76,3.6,1.31,4.2,12.76,-0.58031416,-0.6375804,0.72575164,-0.16203061,0.60695606,0.71246743,-0.17286614,4.147898197174072
109.07,35.43,陕西,铜川,宜君,3.0,-1.65,5.84,5.65,6.76,3.92,1.4,4.35,12.92,-0.55449986,-0.526801,0.74305654,-0.077102214,0.6263206,0.59427667,-0.15736265,3.994748115539551
109.07,35.43,陕西,铜川,宜君,4.0,-1.69,5.83,5.66,6.76,3.9,1.43,3.85,11.44,-0.66734505,-0.56151986,0.6956599,-0.0150144575,0.67985016,0.4636967,-0.21945441,3.8099870681762695
109.07,35.43,陕西,铜川,宜君,5.0,-1.73,5.83,5.67,6.75,4.04,1.31,3.7,10.92,-0.74254644,-0.57716787,0.6691091,0.06764246,0.68933576,0.34640747,-0.24276665,3.6400883197784424
109.07,35.43,陕西,铜川,宜君,6.0,-1.78,5.82,5.68,6.75,4.07,1.19,3.39,10.15,-0.8328036,-0.57261825,0.672289,0.12733042,0.7091964,0.20918433,-0.21624246,3.4663166999816895
109.07,35.43,陕西,铜川,宜君,7.0,-1.83,5.82,5.69,6.75,4.43,1.26,3.44,10.1,-0.97558296,-0.55121017,0.7124165,0.18498676,0.74829316,0.14592192,-0.21343794,3.4808731079101562
109.07,35.43,陕西,铜川,宜君,8.0,-1.87,5.81,5.69,6.75,4.36,1.04,3.54,10.41,-1.1678811,-0.50367355,0.7589791,0.23468722,0.7962676,0.1167379,-0.22865894,3.549875259399414
109.07,35.43,陕西,铜川,宜君,9.0,-1.93,5.81,5.66,6.76,4.25,1.14,3.12,9.03,-1.3706976,-0.14518127,0.9453106,0.25721687,0.7049811,0.17143238,-0.15125081,3.1105141639709473
109.07,35.43,陕西,铜川,宜君,10.0,-1.98,5.8,5.65,6.76,3.89,1.19,3.66,10.86,-1.4118115,-0.4947513,0.7521893,0.2475436,0.9012469,0.098310366,-0.26033515,3.726595163345337
109.07,35.43,陕西,铜川,宜君,11.0,-2.04,5.8,5.63,6.76,4.05,1.05,4.16,12.41,-1.391502,-0.5402142,0.66909504,0.21512987,0.9458672,0.15904336,-0.288166,4.028417587280273
109.07,35.43,陕西,铜川,宜君,12.0,-2.1,5.79,5.6,6.77,3.67,0.86,4.18,12.6,-1.4034008,-0.5954188,0.622591,0.18333784,0.98434246,0.19684029,-0.33085978,4.265151500701904
109.07,35.08,陕西,铜川,铜川,1.0,-1.57,5.85,5.6,6.81,4.18,1.01,4.48,13.92,-0.19956867,-0.13391718,0.47508,-0.53748924,0.41921332,1.2627189,0.00638061,4.477698802947998
109.07,35.08,陕西,铜川,铜川,2.0,-1.61,5.84,5.61,6.81,3.9,1.14,4.2,12.76,-0.3323682,-0.11048016,0.6809877,-0.20423384,0.46723768,0.989097,0.07283385,4.089221000671387
109.07,35.08,陕西,铜川,铜川,3.0,-1.65,5.84,5.65,6.81,4.12,1.23,4.35,12.92,-0.41043678,-0.101124585,0.7379918,0.058230888,0.56748825,0.72384465,0.16724664,4.085454940795898
109.07,35.08,陕西,铜川,铜川,4.0,-1.69,5.83,5.66,6.81,4.11,1.22,3.85,11.44,-0.7821194,-0.118227154,0.7594979,0.27523834,0.65345216,0.42344657,0.28406584,3.8290650844573975
109.07,35.08,陕西,铜川,铜川,5.0,-1.73,5.83,5.67,6.8,4.19,1.11,3.7,10.92,-1.2726184,-0.15851733,0.86051524,0.4111338,0.7560501,0.19166587,0.2609994,3.6816186904907227
109.07,35.08,陕西,铜川,铜川,6.0,-1.78,5.82,5.69,6.8,4.17,1.08,3.39,10.15,-1.0692849,-0.09651005,0.70531285,0.20374088,0.783393,0.14977995,0.27427745,3.414830446243286
109.07,35.08,陕西,铜川,铜川,7.0,-1.83,5.82,5.7,6.8,4.41,0.97,3.44,10.1,-0.9645976,-0.119742006,0.5415127,0.0011543902,0.75145036,0.14562455,0.16867857,3.085026264190674
109.07,35.08,陕西,铜川,铜川,8.0,-1.87,5.81,5.7,6.8,4.36,0.98,3.54,10.41,-0.6245786,-0.018157333,0.7284759,-0.15735413,0.61625516,0.47707865,0.23033807,3.531949043273926
109.07,35.08,陕西,铜川,铜川,9.0,-1.93,5.81,5.67,6.81,4.33,0.88,3.12,9.03,-0.69287014,0.10779311,0.5586462,-0.10198516,0.6343748,0.42039025,0.2069031,3.115245819091797
109.07,35.08,陕西,铜川,铜川,10.0,-1.98,5.8,5.65,6.81,4.08,1.1,3.66,10.86,-0.5643239,0.15605938,0.94346976,-0.23700887,0.5797626,0.930356,0.4090795,4.461710453033447
109.07,35.08,陕西,铜川,铜川,11.0,-2.04,5.8,5.63,6.81,4.22,0.92,4.16,12.41,-0.65164316,0.20239064,0.6618196,-0.39694902,0.6407144,0.84332407,0.47937703,4.157760143280029
109.07,35.08,陕西,铜川,铜川,12.0,-2.1,5.79,5.6,6.82,3.8,0.9,4.18,12.6,-0.5582675,0.27500105,0.87554574,-0.58432925,0.73432225,1.0710715,0.5804238,4.746061325073242
108.98,34.93,陕西,铜川,耀县,1.0,-1.57,5.85,5.6,6.85,4.17,0.69,4.51,18.66,-0.43627056,-0.39364538,1.0250708,-0.14924712,0.48234308,0.87944007,-0.013252407,4.543164253234863
108.98,34.93,陕西,铜川,耀县,2.0,-1.61,5.84,5.67,6.84,3.9,0.81,4.08,17.32,-0.39309257,-0.42304853,0.8673152,-0.16209306,0.5422914,0.73739123,-0.059549756,4.15838098526001
108.98,34.93,陕西,铜川,耀县,3.0,-1.65,5.84,5.65,6.84,4.08,0.93,4.29,17.56,-0.5064319,-0.47964862,0.83206093,-0.15970671,0.62191164,0.6351696,-0.12879476,4.213815689086914
108.98,34.93,陕西,铜川,耀县,4.0,-1.69,5.83,5.66,6.92,2.44,0.11,3.77,15.35,-0.69912755,-0.53940237,0.7390586,-0.14633352,0.71444196,0.42332673,-0.21728739,3.7086267471313477
108.98,34.93,陕西,铜川,耀县,5.0,-1.73,5.83,5.68,6.83,4.11,0.84,3.56,14.98,-0.82670295,-0.41056767,0.7480811,-0.052179348,0.68514216,0.29957086,-0.0928393,3.548903465270996
108.98,34.93,陕西,铜川,耀县,6.0,-1.78,5.82,5.7,6.83,4.06,0.83,3.21,13.84,-0.9586288,-0.27057368,0.7835671,0.027941804,0.6794381,0.21950668,0.029623672,3.2970380783081055
108.98,34.93,陕西,铜川,耀县,7.0,-1.83,5.82,5.7,6.83,4.29,0.91,3.2,13.79,-1.1317645,-0.1934452,0.8704817,0.095730364,0.66251504,0.19294292,0.0679979,3.224468231201172
108.98,34.93,陕西,铜川,耀县,8.0,-1.87,5.81,5.7,6.83,4.23,0.91,3.26,14.39,-1.2578859,-0.0532818,1.0029712,0.18109116,0.62611514,0.17534772,0.28517795,3.160634994506836
108.98,34.93,陕西,铜川,耀县,9.0,-1.93,5.81,5.68,6.84,4.25,0.81,2.73,12.69,-1.285541,0.37363148,1.31093,0.36367744,0.56019247,0.14769857,0.5336093,2.713217258453369
108.98,34.93,陕西,铜川,耀县,10.0,-1.98,5.8,5.66,6.84,4.0,0.92,3.27,14.85,-1.3827358,0.11415775,1.1913877,0.24454284,0.61790836,0.27957073,0.40571624,3.3484365940093994
108.98,34.93,陕西,铜川,耀县,11.0,-2.04,5.8,5.63,6.85,4.19,0.66,4.0,16.85,-1.6262285,-0.10406706,1.3997263,0.1730273,0.7021946,0.35062385,0.08796403,3.9662957191467285
108.98,34.93,陕西,铜川,耀县,12.0,-2.1,5.79,5.59,6.85,3.79,0.76,4.02,17.07,-1.7448536,-0.10237777,1.5296685,0.18513769,0.7145757,0.34902692,0.06550282,4.000200271606445
106.53,33.9,陕西,宝鸡,凤县,1.0,-1.57,7.69,5.61,6.81,4.09,1.13,4.55,14.46,2.2644403,-0.26054135,1.911858,-1.1097298,0.16462034,0.6257436,0.91058946,4.576905727386475
106.53,33.9,陕西,宝鸡,凤县,2.0,-1.57,7.69,5.62,6.81,3.93,0.93,4.1,13.57,2.2187352,-0.21543786,1.949513,-1.0574355,0.14180017,0.5229174,0.9105203,4.072175025939941
106.53,33.9,陕西,宝鸡,凤县,3.0,-1.57,7.7,5.65,6.81,4.17,0.78,4.05,13.23,2.1460307,-0.18895742,1.9790269,-0.9555977,0.11611546,0.4073215,0.89706516,3.7034053802490234
106.53,33.9,陕西,宝鸡,凤县,4.0,-1.58,7.7,5.66,6.81,4.14,0.97,3.72,11.95,2.0112715,-0.21129507,1.9933119,-0.86872673,0.10387469,0.34607753,0.87077785,3.7018795013427734
106.53,33.9,陕西,宝鸡,凤县,5.0,-1.58,7.7,5.67,6.8,4.21,0.8,3.37,11.28,1.8209075,-0.22004756,1.943053,-0.7895299,0.096245416,0.28214172,0.8790481,3.4053072929382324
106.53,33.9,陕西,宝鸡,凤县,6.0,-1.58,7.71,5.69,6.8,4.32,0.59,3.18,10.23,1.6000069,-0.2547643,1.9304329,-0.6905743,0.12878877,0.22310802,0.85768443,3.2591958045959473
106.53,33.9,陕西,宝鸡,凤县,7.0,-1.59,7.71,5.69,6.8,4.42,0.32,3.16,9.99,1.4498767,-0.31895757,1.9382764,-0.65788186,0.22272557,0.08728129,0.85813105,3.089733123779297
106.53,33.9,陕西,宝鸡,凤县,8.0,-1.59,7.71,5.7,6.8,4.32,0.62,3.36,10.55,1.3167766,-0.35564807,1.9376485,-0.66369635,0.32172686,-0.04549384,0.8462943,3.2752718925476074
106.53,33.9,陕西,宝鸡,凤县,9.0,-1.59,7.72,5.67,6.81,4.36,0.49,2.96,9.38,1.2297481,-0.41371098,1.9437909,-0.6901252,0.35521728,-0.16502866,0.80362076,3.0301754474639893
106.53,33.9,陕西,宝鸡,凤县,10.0,-1.59,7.72,5.65,6.81,4.29,0.28,3.57,11.31,1.065833,-0.49588296,2.0109773,-0.74045646,0.47860116,-0.17988878,0.7077542,3.3189780712127686
106.53,33.9,陕西,宝鸡,凤县,11.0,-1.6,7.72,5.63,6.81,4.25,0.4,3.95,12.77,0.90465057,-0.5922239,2.0930347,-0.75122637,0.5867529,-0.15714875,0.5944139,3.897357940673828
106.53,33.9,陕西,宝鸡,凤县,12.0,-1.6,7.73,5.61,6.81,4.08,0.81,4.35,13.49,0.80104125,-0.6636126,2.1798077,-0.7505168,0.67874247,-0.19259071,0.5041356,4.392710208892822
107.13,34.65,陕西,宝鸡,千阳,1.0,-1.57,7.69,5.6,6.84,4.25,0.57,4.41,13.92,2.4773018,0.049996406,2.233752,-1.2546937,0.82489,0.22477236,-0.3778631,4.36948823928833
107.13,34.65,陕西,宝鸡,千阳,2.0,-1.57,7.69,5.62,6.84,4.06,0.77,3.97,13.57,2.4338574,0.05436793,2.148925,-1.2221395,0.80326855,0.17677262,-0.36183596,4.045472621917725
107.13,34.65,陕西,宝鸡,千阳,3.0,-1.57,7.7,5.65,6.83,4.18,0.83,4.02,13.23,2.3514261,0.10712141,2.0669303,-1.1455948,0.78845155,0.18839827,-0.2921746,3.9541471004486084
107.13,34.65,陕西,宝鸡,千阳,4.0,-1.58,7.7,5.66,6.83,4.15,0.83,3.65,11.95,2.2319963,0.0816353,1.947362,-1.1578941,0.7222719,0.20341256,-0.30200052,3.7043817043304443
107.13,34.65,陕西,宝鸡,千阳,5.0,-1.58,7.7,5.67,6.83,4.25,0.71,3.44,11.28,2.0933514,0.05926308,1.8093057,-1.1580441,0.6537237,0.20916149,-0.3274992,3.4461567401885986
107.13,34.65,陕西,宝鸡,千阳,6.0,-1.58,7.71,5.69,6.83,4.24,0.74,3.22,10.23,1.931441,0.04442501,1.6909968,-1.1340806,0.60471904,0.2567298,-0.35717925,3.306647300720215
107.13,34.65,陕西,宝鸡,千阳,7.0,-1.59,7.71,5.7,6.82,4.41,0.54,3.18,9.99,1.8541101,0.015942395,1.5993501,-1.0747714,0.56777763,0.2401363,-0.32465434,3.2228660583496094
107.13,34.65,陕西,宝鸡,千阳,8.0,-1.59,7.71,5.7,6.83,4.35,0.56,3.38,10.55,1.7578348,0.0010664761,1.4804943,-1.0506687,0.53632516,0.3124718,-0.3200491,3.2164692878723145
107.13,34.65,陕西,宝鸡,千阳,9.0,-1.59,7.72,5.67,6.84,4.38,0.42,2.92,9.38,1.7050371,-0.004149705,1.4415919,-1.0366695,0.545388,0.32356805,-0.3097089,3.293586492538452
107.13,34.65,陕西,宝鸡,千阳,10.0,-1.59,7.72,5.65,6.84,4.24,0.38,3.58,11.31,1.6717311,-0.025558501,1.4282291,-1.0616341,0.60122234,0.38567454,-0.34942183,3.575626850128174
107.13,34.65,陕西,宝鸡,千阳,11.0,-1.6,7.72,5.63,6.84,4.25,0.55,3.88,12.77,1.7038856,-0.049958587,1.486774,-1.0312068,0.7129023,0.38760957,-0.3915248,3.921870470046997
107.13,34.65,陕西,宝鸡,千阳,12.0,-1.6,7.73,5.61,6.85,3.93,0.53,4.19,13.49,1.7885875,-0.061521947,1.617886,-0.983451,0.77997077,0.37195513,-0.4243082,4.156678676605225
107.13,34.35,陕西,宝鸡,宝鸡,1.0,-1.57,7.69,5.61,6.86,4.17,0.55,4.64,33.01,2.4014907,0.15983668,1.9065343,-1.4377899,0.7787514,0.49600115,0.13823628,4.624466419219971
107.13,34.35,陕西,宝鸡,宝鸡,2.0,-1.57,7.69,5.63,6.86,3.89,0.51,4.29,30.6,2.2331324,0.20238999,1.8426286,-1.2606046,0.8124521,0.3805559,0.11066894,4.30774450302124
107.13,34.35,陕西,宝鸡,宝鸡,3.0,-1.57,7.7,5.66,6.85,4.07,0.7,4.23,30.09,2.038312,0.23885998,1.7328638,-1.1085672,0.82066613,0.34290352,0.043142453,4.154204368591309
107.13,34.35,陕西,宝鸡,宝鸡,4.0,-1.58,7.7,5.67,6.85,4.05,0.77,3.93,27.06,1.8187113,0.2149019,1.5387843,-1.0183237,0.7998388,0.33581698,-0.036177903,3.8943140506744385
107.13,34.35,陕西,宝鸡,宝鸡,5.0,-1.58,7.7,5.68,6.85,4.13,0.59,3.66,25.49,1.6976186,0.20587716,1.3794522,-1.0050483,0.734766,0.35840994,-0.022169024,3.654947280883789
107.13,34.35,陕西,宝鸡,宝鸡,6.0,-1.58,7.71,5.7,6.84,4.14,0.57,3.35,23.38,1.5850167,0.18549201,1.283156,-0.96930265,0.66021645,0.37754208,-0.045566767,3.4230751991271973
107.13,34.35,陕西,宝鸡,宝鸡,7.0,-1.59,7.71,5.7,6.84,4.33,0.48,3.27,22.96,1.5813279,0.12710536,1.2147359,-0.91839695,0.5781797,0.39498216,-0.02253905,3.312593460083008
107.13,34.35,陕西,宝鸡,宝鸡,8.0,-1.59,7.71,5.71,6.84,4.21,0.51,3.41,24.4,1.5405866,0.08577168,1.0855006,-0.9139714,0.4921915,0.48172936,-0.013400197,3.185779571533203
107.13,34.35,陕西,宝鸡,宝鸡,9.0,-1.59,7.72,5.68,6.85,4.28,0.18,2.98,21.6,1.5393645,0.07892415,1.0339208,-0.9216007,0.47409892,0.48760667,0.016079366,3.1394240856170654
107.13,34.35,陕西,宝鸡,宝鸡,10.0,-1.59,7.72,5.66,6.86,4.12,-0.12,3.39,26.57,1.5298935,0.06382549,1.0729041,-0.9466343,0.54740334,0.5347768,0.041528255,3.452505350112915
107.13,34.35,陕西,宝鸡,宝鸡,11.0,-1.6,7.72,5.64,6.86,4.2,-0.23,4.03,29.19,1.5683872,0.0017141104,1.213057,-0.93816644,0.6109755,0.53537256,0.03906256,3.862788677215576
107.13,34.35,陕西,宝鸡,宝鸡,12.0,-1.6,7.73,5.62,6.86,3.91,0.22,4.37,30.97,1.6131974,0.029750884,1.4287763,-0.8897294,0.7051885,0.4662138,0.11024964,4.0988030433654785
107.65,34.45,陕西,宝鸡,岐山,1.0,-1.57,7.69,5.6,6.85,4.25,0.69,4.91,34.1,1.8505317,0.54183334,1.7139117,-1.0962021,1.1101923,0.43391296,0.18747067,4.920417785644531
107.65,34.45,陕西,宝鸡,岐山,2.0,-1.57,7.69,5.62,6.85,4.03,0.81,4.64,32.13,1.7289258,0.54155844,1.6620961,-1.0199442,1.1209702,0.317185,0.16846155,4.605476379394531
107.65,34.45,陕西,宝鸡,岐山,3.0,-1.57,7.7,5.65,6.84,4.2,0.93,4.5,31.23,1.5782334,0.6602644,1.6478101,-0.8708751,1.1178826,0.29389164,0.14288388,4.453348159790039
107.65,34.45,陕西,宝鸡,岐山,4.0,-1.58,7.7,5.67,6.84,4.19,0.99,4.01,27.99,1.3900044,0.7376908,1.539948,-0.7736471,1.1087153,0.22555077,0.11218643,4.071056365966797
107.65,34.45,陕西,宝鸡,岐山,5.0,-1.58,7.7,5.68,6.84,4.24,0.88,3.81,26.52,1.1888158,0.7833302,1.4361954,-0.675736,1.0932561,0.16849661,0.093874335,3.746027946472168
107.65,34.45,陕西,宝鸡,岐山,6.0,-1.58,7.71,5.69,6.84,4.2,0.74,3.44,23.99,1.0515199,0.83584404,1.3612764,-0.54732823,1.0677582,0.13841814,0.044770475,3.4642205238342285
107.65,34.45,陕西,宝鸡,岐山,7.0,-1.59,7.71,5.7,6.83,4.37,0.47,3.36,23.43,1.0713197,0.8620645,1.3105115,-0.4963831,1.0194355,0.16942155,0.060201034,3.34440279006958
107.65,34.45,陕西,宝鸡,岐山,8.0,-1.59,7.71,5.7,6.84,4.3,0.33,3.57,24.83,1.0491408,0.867172,1.2268382,-0.4752392,0.9748515,0.27772436,0.031204153,3.3896937370300293
107.65,34.45,陕西,宝鸡,岐山,9.0,-1.59,7.72,5.68,6.85,4.34,0.45,3.2,22.18,1.0330607,0.9003383,1.2331709,-0.45028135,0.9432478,0.36851946,0.11244507,3.5448648929595947
107.65,34.45,陕西,宝鸡,岐山,10.0,-1.59,7.72,5.66,6.85,4.13,0.37,3.96,27.15,0.9601331,0.8022356,1.3188505,-0.4807022,0.95076185,0.47386733,0.14057383,3.9549450874328613
107.65,34.45,陕西,宝鸡,岐山,11.0,-1.6,7.72,5.63,6.85,4.28,0.34,4.37,30.25,0.9120331,0.771055,1.4651878,-0.4962681,1.028706,0.41142058,0.16648379,4.225928783416748
107.65,34.45,陕西,宝鸡,岐山,12.0,-1.6,7.73,5.61,6.86,3.96,0.52,4.56,31.73,0.90047467,0.8453729,1.6872184,-0.47935766,1.141321,0.36591005,0.27585453,4.563685894012451
107.88,34.37,陕西,宝鸡,扶风,1.0,-1.57,7.69,5.6,6.87,4.25,0.38,4.91,29.61,1.4353296,0.38511798,1.4932297,-1.2331865,1.2071991,0.39287126,0.038719,4.925565719604492
107.88,34.37,陕西,宝鸡,扶风,2.0,-1.57,7.69,5.62,6.86,4.03,0.4,4.64,27.59,1.3001006,0.41807827,1.5175028,-1.1104393,1.2124928,0.24718177,0.15065697,4.606600761413574
107.88,34.37,陕西,宝鸡,扶风,3.0,-1.57,7.7,5.65,6.86,4.18,0.53,4.5,27.2,1.1348032,0.45733616,1.4736291,-1.0313996,1.2187656,0.18939424,0.20972839,4.481627464294434
107.88,34.37,陕西,宝鸡,扶风,4.0,-1.58,7.7,5.67,6.85,4.17,0.75,4.01,24.03,0.9759804,0.4211379,1.401579,-0.97525406,1.2133713,0.028668374,0.17278016,4.078188419342041
107.88,34.37,陕西,宝鸡,扶风,5.0,-1.58,7.7,5.68,6.85,4.2,0.7,3.81,22.68,0.8122479,0.3627512,1.2930386,-0.9575144,1.1448954,-0.019599944,0.10191592,3.6914000511169434
107.88,34.37,陕西,宝鸡,扶风,6.0,-1.58,7.71,5.7,6.85,4.17,0.53,3.44,20.52,0.8003433,0.29963017,1.2862878,-0.99209994,1.0278566,0.041225642,0.04553263,3.5277438163757324
107.88,34.37,陕西,宝鸡,扶风,7.0,-1.59,7.71,5.71,6.84,4.34,0.36,3.36,20.01,0.8410809,0.21930149,1.3076364,-0.9744984,0.899397,0.10564384,0.072393745,3.4511032104492188
107.88,34.37,陕西,宝鸡,扶风,8.0,-1.59,7.71,5.71,6.85,4.27,0.28,3.57,21.16,0.8220967,0.22799507,1.298647,-0.8996795,0.81468016,0.17774254,0.08815566,3.3933446407318115
107.88,34.37,陕西,宝鸡,扶风,9.0,-1.59,7.72,5.68,6.86,4.32,0.12,3.2,19.09,0.75237453,0.2340205,1.31137,-0.8423065,0.73499054,0.2559775,0.10131729,3.384518623352051
107.88,34.37,陕西,宝鸡,扶风,10.0,-1.59,7.72,5.66,6.86,4.15,-0.14,3.96,23.66,0.7718928,0.20188698,1.3708438,-0.86328906,0.7823428,0.38281372,0.083651096,3.860227108001709
107.88,34.37,陕西,宝鸡,扶风,11.0,-1.6,7.72,5.64,6.86,4.3,-0.32,4.37,26.36,0.845873,0.22838071,1.4924765,-0.79755557,0.8847507,0.42708567,0.08477634,4.379721641540527
107.88,34.37,陕西,宝鸡,扶风,12.0,-1.6,7.73,5.61,6.87,4.0,0.07,4.56,27.29,0.85319173,0.28445712,1.5712539,-0.6871757,0.9685839,0.46238348,0.13717344,4.700871467590332
107.73,34.27,陕西,宝鸡,眉县,1.0,-1.57,7.69,5.61,6.88,4.26,0.67,4.91,24.58,2.0826616,0.058318704,2.2240899,-1.4193966,1.5196838,-0.2840319,-0.5213287,4.89780330657959
107.73,34.27,陕西,宝鸡,眉县,2.0,-1.57,7.69,5.63,6.87,4.02,0.71,4.64,22.99,1.8994418,0.20993707,1.8718001,-1.3983822,1.5484726,-0.2099097,-0.5157748,4.65796422958374
107.73,34.27,陕西,宝鸡,眉县,3.0,-1.57,7.7,5.66,6.86,4.16,0.76,4.5,22.56,1.5841309,0.25882378,1.7273058,-1.1284001,1.5404408,-0.21132782,-0.49558282,4.483797550201416
107.73,34.27,陕西,宝鸡,眉县,4.0,-1.58,7.7,5.67,6.86,4.17,0.87,4.01,19.91,1.3893069,0.31236964,1.6095778,-0.98543036,1.4587915,-0.22054574,-0.42609847,4.100777626037598
107.73,34.27,陕西,宝鸡,眉县,5.0,-1.58,7.7,5.68,6.86,4.2,0.79,3.81,18.82,1.1532632,0.3408493,1.4780656,-0.9100019,1.3272357,-0.1692904,-0.35946208,3.781984329223633
107.73,34.27,陕西,宝鸡,眉县,6.0,-1.58,7.71,5.7,6.86,4.21,0.67,3.44,17.08,0.8298824,0.2330907,1.3559746,-0.9170655,1.1395786,-0.096093595,-0.36215886,3.4656596183776855
107.73,34.27,陕西,宝鸡,眉县,7.0,-1.59,7.71,5.7,6.85,4.39,0.24,3.36,16.67,0.54568505,0.20541394,1.2479514,-0.82489026,1.070036,-0.09464666,-0.33759066,3.344054698944092
107.73,34.27,陕西,宝鸡,眉县,8.0,-1.59,7.71,5.71,6.86,4.31,0.14,3.57,17.72,0.36992577,0.2612195,1.1499876,-0.68399596,1.050658,-0.08230543,-0.292534,3.242877244949341
107.73,34.27,陕西,宝鸡,眉县,9.0,-1.59,7.72,5.68,6.87,4.36,0.15,3.2,15.89,0.280691,0.29121244,1.0918208,-0.5787534,1.0339552,-0.026010126,-0.2299847,3.286421060562134
107.73,34.27,陕西,宝鸡,眉县,10.0,-1.59,7.72,5.66,6.87,4.23,0.03,3.96,19.67,0.25782964,0.24201402,1.1252558,-0.5898194,1.103036,0.07788122,-0.262321,3.839555025100708
107.73,34.27,陕西,宝鸡,眉县,11.0,-1.6,7.72,5.64,6.87,4.31,-0.04,4.37,21.88,0.22050557,0.3014573,1.335617,-0.59050465,1.2215514,0.11220151,-0.44559354,4.400877475738525
107.73,34.27,陕西,宝鸡,眉县,12.0,-1.6,7.73,5.62,6.88,4.01,0.13,4.56,22.74,0.27324095,0.307208,1.5972055,-0.6032493,1.3956947,0.25849873,-0.544682,5.371664047241211
107.4,34.37,陕西,宝鸡,陈仓,1.0,-1.57,7.69,5.61,6.87,4.24,0.92,4.91,29.19,2.242671,0.5605538,2.0567157,-1.3466134,0.88782096,0.5051701,0.37848747,4.8875203132629395
107.4,34.37,陕西,宝鸡,陈仓,2.0,-1.57,7.69,5.63,6.86,4.0,0.96,4.64,27.49,2.141124,0.48090407,1.9746226,-1.1669171,0.93323654,0.33545431,0.33953464,4.608735084533691
107.4,34.37,陕西,宝鸡,陈仓,3.0,-1.57,7.7,5.66,6.86,4.16,1.18,4.5,26.73,1.9017366,0.48160318,1.8448735,-0.98957825,0.9266683,0.2900717,0.3256599,4.489150047302246
107.4,34.37,陕西,宝鸡,陈仓,4.0,-1.58,7.7,5.67,6.86,4.16,1.19,4.01,23.98,1.5463742,0.43537965,1.6310076,-0.89078003,0.9275539,0.2440879,0.17377664,4.105871200561523
107.4,34.37,陕西,宝鸡,陈仓,5.0,-1.58,7.7,5.68,6.85,4.2,1.03,3.81,22.71,1.3280512,0.4213507,1.4484767,-0.874889,0.882093,0.2770225,0.06295141,3.7847933769226074
107.4,34.37,陕西,宝鸡,陈仓,6.0,-1.58,7.71,5.7,6.85,4.18,1.02,3.44,20.55,1.199768,0.4004216,1.2637595,-0.914975,0.8189356,0.3259106,-0.034397572,3.4742965698242188
107.4,34.37,陕西,宝鸡,陈仓,7.0,-1.59,7.71,5.7,6.85,4.37,0.94,3.36,20.07,1.1226743,0.32695106,1.069388,-0.9508876,0.7821951,0.40820417,-0.14851648,3.414313316345215
107.4,34.37,陕西,宝鸡,陈仓,8.0,-1.59,7.71,5.71,6.85,4.29,0.74,3.57,21.26,1.0619311,0.31866756,1.0316732,-0.86782235,0.7504885,0.43084228,-0.07588655,3.4309067726135254
107.4,34.37,陕西,宝鸡,陈仓,9.0,-1.59,7.72,5.68,6.86,4.33,0.65,3.2,18.98,1.1548626,0.3870699,1.1853083,-0.7718513,0.777457,0.2735845,0.06468701,3.3125815391540527
107.4,34.37,陕西,宝鸡,陈仓,10.0,-1.59,7.72,5.66,6.86,4.14,0.74,3.96,23.19,1.1528844,0.44641045,1.3520135,-0.67553747,0.9163745,0.17135519,0.17625731,3.620032787322998
107.4,34.37,陕西,宝鸡,陈仓,11.0,-1.6,7.72,5.64,6.86,4.27,0.63,4.37,25.88,1.2368735,0.4703773,1.7360836,-0.591495,1.0461133,0.16102827,0.16665292,4.30570125579834
107.4,34.37,陕西,宝鸡,陈仓,12.0,-1.6,7.73,5.62,6.87,3.97,0.71,4.56,27.17,1.3152441,0.5961826,2.168259,-0.45521718,0.98104894,0.21103081,0.24375258,4.570797920227051
107.78,34.68,陕西,宝鸡,麟游,1.0,-1.57,7.69,5.59,6.81,4.2,0.64,4.91,34.23,1.8669697,0.046374947,1.8749012,-1.1652908,0.85479504,0.56640255,-0.41414416,4.886014461517334
107.78,34.68,陕西,宝鸡,麟游,2.0,-1.57,7.69,5.61,6.81,4.05,0.61,4.64,31.69,1.8032283,0.013578087,1.8068541,-1.1808758,0.81816375,0.5163859,-0.27958995,4.665849208831787
107.78,34.68,陕西,宝鸡,麟游,3.0,-1.57,7.7,5.64,6.8,4.17,0.78,4.5,31.44,1.6316782,0.12078819,1.6696428,-1.1696042,0.807665,0.5019121,-0.099306345,4.453729152679443
107.78,34.68,陕西,宝鸡,麟游,4.0,-1.58,7.7,5.66,6.8,4.15,0.77,4.01,28.04,1.4063433,0.23377839,1.5292819,-1.1282158,0.81536275,0.41196182,-0.039521217,4.033012390136719
107.78,34.68,陕西,宝鸡,麟游,5.0,-1.58,7.7,5.67,6.8,4.24,0.65,3.81,26.45,1.290989,0.17790368,1.383411,-1.1438079,0.6997415,0.41605783,-0.088820696,3.6417500972747803
107.78,34.68,陕西,宝鸡,麟游,6.0,-1.58,7.71,5.68,6.79,4.28,0.52,3.44,23.86,1.2289228,0.15979022,1.3514836,-1.1218843,0.6283725,0.41604838,-0.12515883,3.4424221515655518
107.78,34.68,陕西,宝鸡,麟游,7.0,-1.59,7.71,5.69,6.79,4.4,0.27,3.36,23.28,1.3336412,0.21589851,1.4054078,-1.0175219,0.5803189,0.40471932,-0.08959551,3.363398313522339
107.78,34.68,陕西,宝鸡,麟游,8.0,-1.59,7.71,5.69,6.8,4.37,0.44,3.57,24.41,1.3852054,0.2825009,1.4651797,-0.99007744,0.5146498,0.52133256,-0.05958443,3.451931953430176
107.78,34.68,陕西,宝鸡,麟游,9.0,-1.59,7.72,5.67,6.8,4.37,0.29,3.2,22.12,1.3826491,0.37833503,1.4915868,-0.95135736,0.46720737,0.5660661,0.008775577,3.3807036876678467
107.78,34.68,陕西,宝鸡,麟游,10.0,-1.59,7.72,5.65,6.81,4.21,0.48,3.96,27.43,1.4707853,0.43302944,1.60947,-0.9103617,0.55548656,0.65385056,0.049940005,3.866119384765625
107.78,34.68,陕西,宝鸡,麟游,11.0,-1.6,7.72,5.62,6.81,4.25,0.37,4.37,30.43,1.5697268,0.39856276,1.6757197,-0.8906791,0.6782986,0.65226114,0.023882404,4.317378044128418
107.78,34.68,陕西,宝鸡,麟游,12.0,-1.6,7.73,5.6,6.81,3.97,0.19,4.56,31.52,1.627942,0.4384686,1.7932945,-0.81306094,0.7880362,0.6289226,0.09619345,4.5651655197143555
107.38,34.52,陕西,宝鸡,凤翔,1.0,-1.57,7.69,5.6,6.84,4.23,0.79,4.91,23.78,-0.52560663,-0.16761324,2.0208726,-0.7193794,1.1337669,0.18814263,-0.81418496,4.8909101486206055
107.38,34.52,陕西,宝鸡,凤翔,2.0,-1.57,7.69,5.62,6.84,3.98,0.76,4.64,22.18,-0.31236625,-0.23705828,1.9919208,-0.6351501,1.1429129,0.08980903,-0.9557898,4.689577102661133
107.38,34.52,陕西,宝鸡,凤翔,3.0,-1.57,7.7,5.65,6.83,4.18,0.87,4.5,21.75,-0.14843115,-0.30097714,1.764604,-0.63376456,1.0952736,0.13717857,-0.97274125,4.449648380279541
107.38,34.52,陕西,宝鸡,凤翔,4.0,-1.58,7.7,5.66,6.83,4.17,0.88,4.01,19.61,-0.02441176,-0.30724335,1.4838789,-0.6563679,1.0183251,0.16626123,-0.98943245,4.030553340911865
107.38,34.52,陕西,宝鸡,凤翔,5.0,-1.58,7.7,5.68,6.83,4.21,0.79,3.81,18.53,0.23272458,-0.29281625,1.3022052,-0.6826483,0.9381523,0.18819791,-0.9161217,3.801455020904541
107.38,34.52,陕西,宝鸡,凤翔,6.0,-1.58,7.71,5.69,6.82,4.18,0.79,3.44,16.89,1.5495468,-0.61598647,2.4315932,-0.6958862,0.7842134,-0.49351183,-0.6005212,3.440322160720825
107.38,34.52,陕西,宝鸡,凤翔,7.0,-1.59,7.71,5.7,6.82,4.41,0.75,3.36,16.53,0.7283908,-0.24580643,1.6143589,-0.63828886,0.82210976,0.006909132,-0.8201706,3.404595375061035
107.38,34.52,陕西,宝鸡,凤翔,8.0,-1.59,7.71,5.7,6.82,4.33,0.61,3.57,17.5,0.85179913,-0.10630202,1.252114,-0.6465987,0.6512039,0.3398793,-0.5411289,3.484071969985962
107.38,34.52,陕西,宝鸡,凤翔,9.0,-1.59,7.72,5.68,6.83,4.36,0.61,3.2,15.5,1.1881694,0.13758922,0.9802097,-0.6382463,0.47943276,0.5455029,-0.07664609,3.23319149017334
107.38,34.52,陕西,宝鸡,凤翔,10.0,-1.59,7.72,5.66,6.84,4.12,0.73,3.96,18.85,0.9291655,0.19915587,1.3465415,-0.4689132,0.6086422,0.5287679,0.19610994,3.950688362121582
107.38,34.52,陕西,宝鸡,凤翔,11.0,-1.6,7.72,5.63,6.84,4.25,0.11,4.37,21.02,0.6607412,0.50184286,1.7149259,-0.31595838,0.643122,0.57372904,0.523422,4.138711929321289
107.38,34.52,陕西,宝鸡,凤翔,12.0,-1.6,7.73,5.61,6.84,3.92,0.75,4.56,22.24,0.39530745,0.76116633,1.9468613,-0.24392241,0.6204505,0.66867065,0.81821394,4.557308197021484
107.32,34.03,陕西,宝鸡,太白,1.0,-1.57,7.69,5.59,6.74,4.16,0.5,4.91,19.01,2.3676777,0.02676493,1.2811247,-2.0891583,0.7286222,0.9647795,0.13544026,4.914554595947266
107.32,34.03,陕西,宝鸡,太白,2.0,-1.57,7.69,5.61,6.74,3.97,0.58,4.64,17.67,2.1638594,0.019883126,1.1832206,-1.8968168,0.73239213,0.8936362,0.12370652,4.63254451751709
107.32,34.03,陕西,宝鸡,太白,3.0,-1.57,7.7,5.64,6.74,4.16,0.49,4.5,17.28,2.030654,0.06437841,1.1437272,-1.7203553,0.69453,0.8411399,0.18442954,4.477382183074951
107.32,34.03,陕西,宝鸡,太白,4.0,-1.58,7.7,5.65,6.74,4.09,0.62,4.01,15.67,1.8745064,0.08939499,1.0714185,-1.6049073,0.6448158,0.7459514,0.19856322,4.0461506843566895
107.32,34.03,陕西,宝鸡,太白,5.0,-1.58,7.7,5.66,6.74,4.21,0.47,3.81,14.65,1.7002732,0.07259753,0.97799814,-1.5161759,0.61313665,0.6789348,0.16647366,3.7667505741119385
107.32,34.03,陕西,宝鸡,太白,6.0,-1.58,7.71,5.67,6.74,4.32,0.2,3.44,13.41,1.528747,0.0763607,0.934641,-1.3647146,0.5816017,0.5925056,0.15354466,3.469195604324341
107.32,34.03,陕西,宝鸡,太白,7.0,-1.59,7.71,5.69,6.73,4.4,0.43,3.36,13.15,1.4096112,0.040964395,0.8494911,-1.2512681,0.5188433,0.57935643,0.14352515,3.308180332183838
107.32,34.03,陕西,宝鸡,太白,8.0,-1.59,7.71,5.68,6.74,4.42,0.14,3.57,13.91,1.2544011,0.03304699,0.7305454,-1.1704704,0.47651935,0.6578299,0.13739285,3.2825160026550293
107.32,34.03,陕西,宝鸡,太白,9.0,-1.59,7.72,5.66,6.74,4.41,0.12,3.2,12.34,1.174424,0.02681598,0.70118797,-1.1143937,0.47730476,0.71227956,0.13033795,3.4118857383728027
107.32,34.03,陕西,宝鸡,太白,10.0,-1.59,7.72,5.64,6.75,4.29,0.12,3.96,14.88,1.1210304,0.03933111,0.7427033,-1.1014891,0.5612294,0.78674424,0.10451807,3.801779270172119
107.32,34.03,陕西,宝鸡,太白,11.0,-1.6,7.72,5.62,6.75,4.21,0.43,4.37,16.72,1.0701984,0.029601067,0.858518,-1.060448,0.6621561,0.81025517,0.07650328,4.248148441314697
107.32,34.03,陕西,宝鸡,太白,12.0,-1.6,7.73,5.6,6.75,4.18,0.54,4.56,17.84,1.1916894,-0.0136497915,1.0032395,-1.0876627,0.7078806,0.8372587,0.06015767,4.609340667724609
106.83,34.9,陕西,宝鸡,陇县,1.0,-1.57,7.69,5.6,6.82,4.24,0.3,4.41,9.05,3.0266647,-0.14631078,2.673489,-1.2695533,0.38277546,0.46265694,-0.5383075,4.409804344177246
106.83,34.9,陕西,宝鸡,陇县,2.0,-1.57,7.69,5.61,6.82,4.01,0.58,3.97,8.26,2.9655163,-0.13321117,2.5853736,-1.1811512,0.3288665,0.47506753,-0.47905952,4.059945106506348
106.83,34.9,陕西,宝鸡,陇县,3.0,-1.57,7.7,5.65,6.81,4.19,0.64,4.02,8.25,2.9194047,-0.13131854,2.509434,-1.1152033,0.2639002,0.48132542,-0.41197056,3.901095390319824
106.83,34.9,陕西,宝鸡,陇县,4.0,-1.58,7.7,5.66,6.81,4.18,0.7,3.65,7.58,2.8016443,-0.1446192,2.375478,-1.0551994,0.22715011,0.4423477,-0.37936053,3.6089439392089844
106.83,34.9,陕西,宝鸡,陇县,5.0,-1.58,7.7,5.67,6.81,4.25,0.54,3.44,7.1,2.6605172,-0.14144018,2.2390096,-0.992908,0.21122149,0.3955536,-0.34352666,3.419128179550171
106.83,34.9,陕西,宝鸡,陇县,6.0,-1.58,7.71,5.69,6.81,4.24,0.57,3.22,6.57,2.524941,-0.17041045,2.1441271,-0.9284427,0.19535476,0.3747762,-0.33726597,3.2806975841522217
106.83,34.9,陕西,宝鸡,陇县,7.0,-1.59,7.71,5.69,6.8,4.47,0.39,3.18,6.45,2.3444452,-0.18836626,2.014618,-0.8532007,0.27803397,0.21494624,-0.17593844,3.1738014221191406
106.83,34.9,陕西,宝鸡,陇县,8.0,-1.59,7.71,5.7,6.81,4.41,0.45,3.38,6.79,2.2537255,-0.2020272,1.9783324,-0.8471087,0.18481436,0.35725206,-0.30120313,3.190720558166504
106.83,34.9,陕西,宝鸡,陇县,9.0,-1.59,7.72,5.67,6.82,4.4,0.35,2.92,5.9,2.148572,-0.24698776,1.8878921,-0.8493506,0.16768295,0.37222385,-0.36605895,3.153884172439575
106.83,34.9,陕西,宝鸡,陇县,10.0,-1.59,7.72,5.65,6.82,4.24,0.49,3.58,6.97,2.1161294,-0.29159713,1.8857607,-0.86201733,0.2237221,0.43533105,-0.4306976,3.406064033508301
106.83,34.9,陕西,宝鸡,陇县,11.0,-1.6,7.72,5.63,6.82,4.25,0.45,3.88,7.91,2.1471334,-0.3320753,1.9566301,-0.8750994,0.29444706,0.53183115,-0.48548603,3.9468984603881836
106.83,34.9,陕西,宝鸡,陇县,12.0,-1.6,7.73,5.61,6.82,3.94,0.56,4.19,8.56,2.2107787,-0.3441672,2.0531485,-0.90036243,0.35633624,0.5999329,-0.51059484,4.22404146194458